-- phpMyAdmin SQL Dump
-- version 4.9.5
-- https://www.phpmyadmin.net/
--
-- Host: localhost:3306
-- Generation Time: Jul 20, 2020 at 01:43 PM
-- Server version: 5.7.31-log
-- PHP Version: 7.3.6

SET SQL_MODE = "NO_AUTO_VALUE_ON_ZERO";
SET AUTOCOMMIT = 0;
START TRANSACTION;
SET time_zone = "+00:00";


/*!40101 SET @OLD_CHARACTER_SET_CLIENT=@@CHARACTER_SET_CLIENT */;
/*!40101 SET @OLD_CHARACTER_SET_RESULTS=@@CHARACTER_SET_RESULTS */;
/*!40101 SET @OLD_COLLATION_CONNECTION=@@COLLATION_CONNECTION */;
/*!40101 SET NAMES utf8mb4 */;

--
-- Database: `arvostelu`
--

-- --------------------------------------------------------

--
-- Table structure for table `cats`
--

CREATE TABLE `cats` (
  `catID` int(11) UNSIGNED NOT NULL,
  `catTitle` varchar(255) DEFAULT NULL,
  `catSlug` varchar(255) DEFAULT NULL
) ENGINE=MyISAM DEFAULT CHARSET=utf8;

--
-- Dumping data for table `cats`
--

INSERT INTO `cats` (`catID`, `catTitle`, `catSlug`) VALUES
(1, 'General', 'general'),
(2, 'Development2', 'development2'),
(5, 'Misc', 'misc');

-- --------------------------------------------------------

--
-- Table structure for table `cat_cats`
--

CREATE TABLE `cat_cats` (
  `id` int(11) UNSIGNED NOT NULL,
  `postID` int(11) DEFAULT NULL,
  `catID` int(11) DEFAULT NULL
) ENGINE=MyISAM DEFAULT CHARSET=latin1;

--
-- Dumping data for table `cat_cats`
--

INSERT INTO `cat_cats` (`id`, `postID`, `catID`) VALUES
(96, 76, 1),
(95, 76, 2),
(16, 22, 1),
(29, 1, 5),
(94, 77, 2),
(97, 20, 1),
(28, 1, 7),
(27, 1, 1),
(26, 1, 2),
(30, 1, 6),
(31, 1, 4),
(60, 79, 2),
(67, 82, 1),
(56, 83, 5),
(55, 83, 2),
(86, 84, 1),
(92, 85, 1),
(91, 85, 2),
(75, 86, 5),
(78, 87, 1),
(79, 88, 1),
(93, 141, 5);

-- --------------------------------------------------------

--
-- Table structure for table `members`
--

CREATE TABLE `members` (
  `memberID` int(11) UNSIGNED NOT NULL,
  `username` varchar(255) DEFAULT NULL,
  `password` varchar(255) DEFAULT NULL,
  `email` varchar(255) DEFAULT NULL
) ENGINE=InnoDB DEFAULT CHARSET=latin1;

--
-- Dumping data for table `members`
--

INSERT INTO `members` (`memberID`, `username`, `password`, `email`) VALUES
(1, 'admin', '$2y$10$W8lzGwkp/w67qCzM9k4UM.BtA/To2hTvcLRQaVArK7aZOUHcuO.mS', 'dommend@gmail.com');

-- --------------------------------------------------------

--
-- Table structure for table `posts`
--

CREATE TABLE `posts` (
  `postID` int(11) UNSIGNED NOT NULL,
  `postTitle` varchar(255) DEFAULT NULL,
  `postSlug` varchar(255) NOT NULL,
  `postDesc` text,
  `postCont` text,
  `postDate` datetime DEFAULT NULL,
  `postRate` double NOT NULL,
  `postTags` varchar(255) DEFAULT NULL,
  `postStatus` int(1) NOT NULL,
  `postAuthor` varchar(30) DEFAULT NULL
) ENGINE=InnoDB DEFAULT CHARSET=latin1;

--
-- Dumping data for table `posts`
--

INSERT INTO `posts` (`postID`, `postTitle`, `postSlug`, `postDesc`, `postCont`, `postDate`, `postRate`, `postTags`, `postStatus`, `postAuthor`) VALUES
(2, 'That Darn Katz!', 'that-darn-katz', '<p>Wow! A superpowers drug you can just rub onto your skin? You\'d think it would be something you\'d have to freebase. Fry, you can\'t just sit here in the dark listening to classical music. And yet you haven\'t said what I told you to say! How can any of us trust you?</p>', '<h2>Xmas Story</h2>\r\n<p>It must be wonderful. Does anybody else feel jealous and aroused and worried? Is today\'s hectic lifestyle making you tense and impatient? Soothe us with sweet lies. That\'s right, baby. I ain\'t your loverboy Flexo, the guy you love so much. You even love anyone pretending to be him!</p>\r\n<ul>\r\n<li>Goodbye, friends. I never thought I\'d die like this. But I always really hoped.</li>\r\n<li>They\'re like sex, except I\'m having them!</li>\r\n<li>Come, Comrade Bender! We must take to the streets!</li>\r\n</ul>\r\n<h3>Anthology of Interest I</h3>\r\n<p>Hey, whatcha watching? They\'re like sex, except I\'m having them! Well I\'da done better, but it\'s plum hard pleading a case while awaiting trial for that there incompetence. Yes, except the Dave Matthews Band doesn\'t rock. I suppose I could part with \'one\' and still be feared&hellip;</p>\r\n<h4>Teenage Mutant Leela\'s Hurdles</h4>\r\n<p>Oh, but you can. But you may have to metaphorically make a deal with the devil. And by \"devil\", I mean Robot Devil. And by \"metaphorically\", I mean get your coat. Please, Don-Bot&hellip; look into your hard drive, and open your mercy file! It\'s a T. It goes \"tuh\". I guess if you want children beaten, you have to do it yourself.</p>\r\n<ol>\r\n<li>Spare me your space age technobabble, Attila the Hun!</li>\r\n<li>Well, thanks to the Internet, I\'m now bored with sex. Is there a place on the web that panders to my lust for violence?</li>\r\n</ol>\r\n<h5>The Farnsworth Parabox</h5>\r\n<p>Wow! A superpowers drug you can just rub onto your skin? You\'d think it would be something you\'d have to freebase. We need rest. The spirit is willing, but the flesh is spongy and bruised. It must be wonderful.</p>', '2013-06-05 23:10:35', 0.5, '', 1, 'admin'),
(3, 'How Hermes Requisitioned His Groove Back', 'how-hermes-requisitioned-his-groove-back', '<p>You\'re going back for the Countess, aren\'t you? Wow! A superpowers drug you can just rub onto your skin? You\'d think it would be something you\'d have to freebase. Now Fry, it\'s been a few years since medical school, so remind me. Disemboweling in your species: fatal or non-fatal? I don\'t want to be rescued. Leela, are you alright? You got wanged on the head.</p>', '<h2>The Luck of the Fryrish</h2>\r\n<p>Professor, make a woman out of me. I am the man with no name, Zapp Brannigan! Good man. Nixon\'s pro-war and pro-family. The alien mothership is in orbit here. If we can hit that bullseye, the rest of the dominoes will fall like a house of cards. Checkmate. Fry, you can\'t just sit here in the dark listening to classical music.</p>\r\n<ul>\r\n<li>Who are those horrible orange men?</li>\r\n<li>Is today\'s hectic lifestyle making you tense and impatient?</li>\r\n</ul>\r\n<h3>Lethal Inspection</h3>\r\n<p>Oh, but you can. But you may have to metaphorically make a deal with the devil. And by \"devil\", I mean Robot Devil. And by \"metaphorically\", I mean get your coat. No. We\'re on the top. Does anybody else feel jealous and aroused and worried? Well I\'da done better, but it\'s plum hard pleading a case while awaiting trial for that there incompetence. It must be wonderful.</p>\r\n<h4>Where No Fan Has Gone Before</h4>\r\n<p>Who are those horrible orange men? Bender, we\'re trying our best. Please, Don-Bot&hellip; look into your hard drive, and open your mercy file! Wow! A superpowers drug you can just rub onto your skin? You\'d think it would be something you\'d have to freebase. WINDMILLS DO NOT WORK THAT WAY! GOOD NIGHT! Look, last night was a mistake.</p>\r\n<ol>\r\n<li>I\'m sorry, guys. I never meant to hurt you. Just to destroy everything you ever believed in.</li>\r\n<li>Stop it, stop it. It\'s fine. I will \'destroy\' you!</li>\r\n<li>You guys realize you live in a sewer, right?</li>\r\n</ol>\r\n<h5>Fear of a Bot Planet</h5>\r\n<p>Why yes! Thanks for noticing. Hey, guess what you\'re accessories to. Yes, except the Dave Matthews Band doesn\'t rock. Take me to your leader! Daddy Bender, we\'re hungry.</p>', '2013-06-05 23:20:24', 1, '', 1, 'admin'),
(6, 'The Cyber House Rules', 'the-cyber-house-rules', '<p>You guys realize you live in a sewer, right? Uh, is the puppy mechanical in any way? Come, Comrade Bender! We must take to the streets! I daresay that Fry has discovered the smelliest object in the known universe! Good news, everyone! There\'s a report on TV with some very bad news!</p>', '<h2>The Luck of the Fryrish</h2>\r\n<p>Professor, make a woman out of me. I am the man with no name, Zapp Brannigan! Good man. Nixon\'s pro-war and pro-family. The alien mothership is in orbit here. If we can hit that bullseye, the rest of the dominoes will fall like a house of cards. Checkmate. Fry, you can\'t just sit here in the dark listening to classical music.</p>\r\n<ul>\r\n<li>Who are those horrible orange men?</li>\r\n<li>Is today\'s hectic lifestyle making you tense and impatient?</li>\r\n</ul>\r\n<h3>Lethal Inspection</h3>\r\n<p>Oh, but you can. But you may have to metaphorically make a deal with the devil. And by \"devil\", I mean Robot Devil. And by \"metaphorically\", I mean get your coat. No. We\'re on the top. Does anybody else feel jealous and aroused and worried? Well I\'da done better, but it\'s plum hard pleading a case while awaiting trial for that there incompetence. It must be wonderful.</p>\r\n<h4>Where No Fan Has Gone Before</h4>\r\n<p>Who are those horrible orange men? Bender, we\'re trying our best. Please, Don-Bot&hellip; look into your hard drive, and open your mercy file! Wow! A superpowers drug you can just rub onto your skin? You\'d think it would be something you\'d have to freebase. WINDMILLS DO NOT WORK THAT WAY! GOOD NIGHT! Look, last night was a mistake.</p>\r\n<ol>\r\n<li>I\'m sorry, guys. I never meant to hurt you. Just to destroy everything you ever believed in.</li>\r\n<li>Stop it, stop it. It\'s fine. I will \'destroy\' you!</li>\r\n<li>You guys realize you live in a sewer, right?</li>\r\n</ol>\r\n<h5>Fear of a Bot Planet</h5>\r\n<p>Why yes! Thanks for noticing. Hey, guess what you\'re accessories to. Yes, except the Dave Matthews Band doesn\'t rock. Take me to your leader! Daddy Bender, we\'re hungry.</p>', '2013-06-06 08:28:35', 2, '', 1, 'admin'),
(17, 'Lorem ipsum dolor sit amet, consectetur adipiscing elit.', 'lorem-ipsum-dolor-sit-amet-consectetur-adipiscing-elit', '<p>Suspendisse rutrum sem sapien, at mollis elit varius et. Suspendisse potenti. Mauris leo diam, semper sed tincidunt a, placerat vitae nibh.</p>', '<p>Sed ornare finibus justo, id convallis ipsum bibendum sed. Quisque ut orci a erat vehicula dignissim. Cras odio neque, cursus at ullamcorper eu, ullamcorper a nunc. Suspendisse massa enim, fringilla ut magna in, faucibus venenatis purus. Quisque nisi neque, pulvinar egestas lacus nec, porttitor rutrum libero. Lorem ipsum dolor sit amet, consectetur adipiscing elit. Donec vestibulum odio urna, non lacinia tortor laoreet id. Etiam semper urna a viverra fermentum. Fusce commodo orci ac massa feugiat, at elementum tortor sollicitudin. Fusce sapien orci, maximus nec fringilla mattis, auctor lacinia libero. In odio lorem, vestibulum non commodo non, mattis a tortor. Morbi efficitur augue quis condimentum gravida. Sed eget tempor est.</p>\r\n<p>Nullam gravida a ex quis varius. Phasellus non tellus sollicitudin purus posuere suscipit. Sed sem justo, posuere in interdum eget, semper id diam. Proin tellus sem, euismod ut elit in, gravida efficitur nunc. Quisque neque purus, rhoncus id dictum nec, posuere id justo. Fusce nibh nisi, volutpat eget faucibus sit amet, laoreet dignissim lacus. Fusce lorem ipsum, auctor non risus sagittis, tempus pretium sem. Nam a tempor purus. In hac habitasse platea dictumst.</p>\r\n<p>Phasellus consectetur orci sit amet ornare condimentum. Quisque laoreet ultrices est a dignissim. Ut congue consequat nibh sagittis semper. Proin at augue odio. Quisque a mollis magna. Quisque nec porttitor magna. Aenean nibh orci, viverra in porttitor ut, congue ut libero. Nullam velit ante, condimentum id nulla eu, varius fermentum eros. Maecenas vel ante eu ante vulputate congue nec vitae ex. Pellentesque eget ante laoreet, pretium sem ut, convallis dui. Ut arcu est, placerat quis nibh non, aliquam blandit sem.</p>\r\n<p>Sed felis est, tempor ut porta faucibus, rhoncus ac turpis. Fusce nec maximus leo. Nullam pharetra mauris ut arcu congue facilisis. Donec volutpat, nisl sed rhoncus varius, risus mi mattis leo, at lacinia massa turpis venenatis ipsum. Cras ut justo justo. Pellentesque imperdiet ipsum metus, id tincidunt mauris ultrices vitae. Praesent eros massa, lacinia sit amet dolor sed, dapibus sagittis orci. Suspendisse pellentesque nibh sed ligula dapibus tincidunt. Cras sed dui mattis, consequat ante nec, lacinia augue. Praesent nec tellus non risus pharetra sagittis sed et felis. Nulla facilisi. Praesent finibus nisi luctus imperdiet tincidunt. Donec quis turpis in ligula fermentum cursus.</p>\r\n<p>Praesent placerat ut diam ac commodo. Nulla sit amet nibh mauris. Integer sit amet viverra eros, in pulvinar orci. Proin ornare arcu eu mi vehicula gravida. Sed convallis nunc tellus. Nulla consequat lorem in luctus feugiat. Morbi velit sapien, dignissim ut iaculis non, auctor non nunc. Aliquam erat volutpat. Suspendisse sem augue, varius at posuere et, tempus nec neque. Vivamus laoreet turpis ac sapien tempus pharetra.</p>', '2020-02-20 14:28:04', 2.5, '', 1, 'admin'),
(18, 'Nullam gravida a ex quis varius', '20200226-nullam-gravida-a-ex-quis-varius', '<p>Phasellus non tellus sollicitudin purus posuere suscipit. Sed sem justo, posuere in interdum eget, semper id diam. Proin tellus sem, euismod ut elit in, gravida efficitur nunc</p>', '<p>Lorem ipsum dolor sit amet, consectetur adipiscing elit. Suspendisse rutrum sem sapien, at mollis elit varius et. Suspendisse potenti. Mauris leo diam, semper sed tincidunt a, placerat vitae nibh. Sed ornare finibus justo, id convallis ipsum bibendum sed. Quisque ut orci a erat vehicula dignissim. Cras odio neque, cursus at ullamcorper eu, ullamcorper a nunc. Suspendisse massa enim, fringilla ut magna in, faucibus venenatis purus. Quisque nisi neque, pulvinar egestas lacus nec, porttitor rutrum libero. Lorem ipsum dolor sit amet, consectetur adipiscing elit. Donec vestibulum odio urna, non lacinia tortor laoreet id. Etiam semper urna a viverra fermentum. Fusce commodo orci ac massa feugiat, at elementum tortor sollicitudin. Fusce sapien orci, maximus nec fringilla mattis, auctor lacinia libero. In odio lorem, vestibulum non commodo non, mattis a tortor. Morbi efficitur augue quis condimentum gravida. Sed eget tempor est.</p>\r\n<p>Nullam gravida a ex quis varius. Phasellus non tellus sollicitudin purus posuere suscipit. Sed sem justo, posuere in interdum eget, semper id diam. Proin tellus sem, euismod ut elit in, gravida efficitur nunc. Quisque neque purus, rhoncus id dictum nec, posuere id justo. Fusce nibh nisi, volutpat eget faucibus sit amet, laoreet dignissim lacus. Fusce lorem ipsum, auctor non risus sagittis, tempus pretium sem. Nam a tempor purus. In hac habitasse platea dictumst.</p>\r\n<p>Phasellus consectetur orci sit amet ornare condimentum. Quisque laoreet ultrices est a dignissim. Ut congue consequat nibh sagittis semper. Proin at augue odio. Quisque a mollis magna. Quisque nec porttitor magna. Aenean nibh orci, viverra in porttitor ut, congue ut libero. Nullam velit ante, condimentum id nulla eu, varius fermentum eros. Maecenas vel ante eu ante vulputate congue nec vitae ex. Pellentesque eget ante laoreet, pretium sem ut, convallis dui. Ut arcu est, placerat quis nibh non, aliquam blandit sem.</p>\r\n<p>Sed felis est, tempor ut porta faucibus, rhoncus ac turpis. Fusce nec maximus leo. Nullam pharetra mauris ut arcu congue facilisis. Donec volutpat, nisl sed rhoncus varius, risus mi mattis leo, at lacinia massa turpis venenatis ipsum. Cras ut justo justo. Pellentesque imperdiet ipsum metus, id tincidunt mauris ultrices vitae. Praesent eros massa, lacinia sit amet dolor sed, dapibus sagittis orci. Suspendisse pellentesque nibh sed ligula dapibus tincidunt. Cras sed dui mattis, consequat ante nec, lacinia augue. Praesent nec tellus non risus pharetra sagittis sed et felis. Nulla facilisi. Praesent finibus nisi luctus imperdiet tincidunt. Donec quis turpis in ligula fermentum cursus.</p>\r\n<p>Praesent placerat ut diam ac commodo. Nulla sit amet nibh mauris. Integer sit amet viverra eros, in pulvinar orci. Proin ornare arcu eu mi vehicula gravida. Sed convallis nunc tellus. Nulla consequat lorem in luctus feugiat. Morbi velit sapien, dignissim ut iaculis non, auctor non nunc. Aliquam erat volutpat. Suspendisse sem augue, varius at posuere et, tempus nec neque. Vivamus laoreet turpis ac sapien tempus pharetra.</p>', '2020-02-20 14:29:18', 5, '', 1, 'admin'),
(19, 'Aliquam erat volutpat', 'aliquam-erat-volutpat', '<p>a tempor purus. In hac habitasse platea dictumst.</p>\r\n<p>Phasellus consectetur orci sit amet ornare condimentum. Quisque laoreet ultrices est a dignissim. Ut congue consequat nibh sagittis semper. Proin at augue odio. Quisque a mollis magna. Quisque nec porttitor magna. Aenean nibh orci, viverra in porttitor ut, congue ut libero. Nullam velit ante, condimentum id nulla eu, varius fermentum eros. Maecenas vel ante eu ante vulputate congue nec vitae ex. Pellentesque eget ante laoreet, pretium sem ut, convallis dui. Ut arcu est, placerat quis nibh non, aliquam blandit sem.</p>\r\n<p>Sed felis est, tempor ut porta faucibus, rhoncus ac turpis. Fusce nec maximus leo. Nullam pharetra mauris ut arcu congue facilisis. Donec volutpat, nisl sed rhoncus varius, risus mi mattis leo, at lacinia massa turpis venenatis ipsum. Cras ut justo justo. Pellentesque imperdiet ipsum metus, id tincidunt mauris ultrices vitae. Praesent eros massa, lacinia sit amet dolor sed, dapibus sagittis orci. Suspendisse pellentesque nibh sed ligula dapibus tincidunt. Cras sed dui mattis, consequat ante nec, lacinia augue. Praesent nec tellus non risus pharetra sagittis sed et felis. Nulla facilisi. Praesent finibus nisi luctus imperdiet tincidunt. Donec quis turpis in ligula fermentum cursus.</p>\r\n<p>Praesent placerat ut diam ac commodo. Nulla sit amet nibh mauris. Integer sit amet viverra eros, in pulvinar orci. Proin ornare arcu eu mi vehicula gravida. Se</p>', '<p>Lorem ipsum dolor sit amet, consectetur adipiscing elit. Suspendisse rutrum sem sapien, at mollis elit varius et. Suspendisse potenti. Mauris leo diam, semper sed tincidunt a, placerat vitae nibh. Sed ornare finibus justo, id convallis ipsum bibendum sed. Quisque ut orci a erat vehicula dignissim. Cras odio neque, cursus at ullamcorper eu, ullamcorper a nunc. Suspendisse massa enim, fringilla ut magna in, faucibus venenatis purus. Quisque nisi neque, pulvinar egestas lacus nec, porttitor rutrum libero. Lorem ipsum dolor sit amet, consectetur adipiscing elit. Donec vestibulum odio urna, non lacinia tortor laoreet id. Etiam semper urna a viverra fermentum. Fusce commodo orci ac massa feugiat, at elementum tortor sollicitudin. Fusce sapien orci, maximus nec fringilla mattis, auctor lacinia libero. In odio lorem, vestibulum non commodo non, mattis a tortor. Morbi efficitur augue quis condimentum gravida. Sed eget tempor est.</p>\r\n<p>Nullam gravida a ex quis varius. Phasellus non tellus sollicitudin purus posuere suscipit. Sed sem justo, posuere in interdum eget, semper id diam. Proin tellus sem, euismod ut elit in, gravida efficitur nunc. Quisque neque purus, rhoncus id dictum nec, posuere id justo. Fusce nibh nisi, volutpat eget faucibus sit amet, laoreet dignissim lacus. Fusce lorem ipsum, auctor non risus sagittis, tempus pretium sem. Nam a tempor purus. In hac habitasse platea dictumst.</p>', '2020-02-20 14:29:53', 3.5, '', 1, 'admin'),
(20, 'Hellurei', '20200226-hellurei', '<p>&nbsp;Lorem ipsum dolor sit amet, consectetur adipiscing elit. Donec vestibulum odio urna, non lacinia tortor laoreet id. Etiam semper urna a viverra fermentum. Fusce commodo orci ac massa feugiat, at elementum tortor sollicitudin. Fusce sapien orci, maximus nec fringilla mattis, auctor lacinia libero. In odio lorem, vestibulum non commodo non, mattis a tortor. Morbi efficitur augue quis condimentum gravida. Sed eget tempor est.</p>', '<p>&nbsp;Lorem ipsum dolor sit amet, consectetur adipiscing elit. Donec vestibulum odio urna, non lacinia tortor laoreet id. Etiam semper urna a viverra fermentum. Fusce commodo orci ac massa feugiat, at elementum tortor sollicitudin. Fusce sapien orci, maximus nec fringilla mattis, auctor lacinia libero. In odio lorem, vestibulum non commodo non, mattis a tortor. Morbi efficitur augue quis condimentum gravida. Sed eget tempor est.</p>', '2020-02-20 14:30:42', 4, '', 1, 'admin'),
(21, 'Nullam gravida a ex quis varius', 'nullam-gravida-a-ex-quis-varius', '<p>Lorem ipsum dolor sit amet, consectetur adipiscing elit</p>', '<p>Lorem ipsum dolor sit amet, consectetur adipiscing elit. Suspendisse rutrum sem sapien, at mollis elit varius et. Suspendisse potenti. Mauris leo diam, semper sed tincidunt a, placerat vitae nibh. Sed ornare finibus justo, id convallis ipsum bibendum sed. Quisque ut orci a erat vehicula dignissim. Cras odio neque, cursus at ullamcorper eu, ullamcorper a nunc. Suspendisse massa enim, fringilla ut magna in, faucibus venenatis purus. Quisque nisi neque, pulvinar egestas lacus nec, porttitor rutrum libero. Lorem ipsum dolor sit amet, consectetur adipiscing elit. Donec vestibulum odio urna, non lacinia tortor laoreet id. Etiam semper urna a viverra fermentum. Fusce commodo orci ac massa feugiat, at elementum tortor sollicitudin. Fusce sapien orci, maximus nec fringilla mattis, auctor lacinia libero. In odio lorem, vestibulum non commodo non, mattis a tortor. Morbi efficitur augue quis condimentum gravida. Sed eget tempor est.</p>\r\n<p>Nullam gravida a ex quis varius. Phasellus non tellus sollicitudin purus posuere suscipit. Sed sem justo, posuere in interdum eget, semper id diam. Proin tellus sem, euismod ut elit in, gravida efficitur nunc. Quisque neque purus, rhoncus id dictum nec, posuere id justo. Fusce nibh nisi, volutpat eget faucibus sit amet, laoreet dignissim lacus. Fusce lorem ipsum, auctor non risus sagittis, tempus pretium sem. Nam a tempor purus. In hac habitasse platea dictumst.</p>', '2020-02-20 14:31:08', 4.5, '', 1, 'admin'),
(76, 'Testipostaus', '20200226-testipostaus', '<p>wt</p>', '<p>wt</p>', '2020-02-21 12:05:13', 0, '', 1, 'admin'),
(77, 'Junior', '20200226-junior', '<p>junior 1kpl</p>', '<p>Otatko kuitin?</p>\r\n<p>&nbsp;</p>\r\n<p>En.&nbsp;</p>', '2020-02-21 17:44:38', 5, 'pallo,pullo', 1, 'admin');
INSERT INTO `posts` (`postID`, `postTitle`, `postSlug`, `postDesc`, `postCont`, `postDate`, `postRate`, `postTags`, `postStatus`, `postAuthor`) VALUES
(79, 'Cabij', 'cabij', '<p>Gordn \'n\' cabij</p>', '<p>Gordn liked sosig but Gordn now vegn so Gordn eat cabij.<br /><img src=\"data:image/jpeg;base64,/9j/4QBCRXhpZgAATU0AKgAAAAgAAYdpAAQAAAABAAAAGgAAAAAAAkAAAAMAAAABAAwAAEABAAEAAAABAAAAAAAAAAAAAP/bAEMABwUFBgUEBwYFBggHBwgKEQsKCQkKFQ8QDBEYFRoZGBUYFxseJyEbHSUdFxgiLiIlKCkrLCsaIC8zLyoyJyorKv/bAEMBBwgICgkKFAsLFCocGBwqKioqKioqKioqKioqKioqKioqKioqKioqKioqKioqKioqKioqKioqKioqKioqKioqKv/AABEIAbsB2gMBIgACEQEDEQH/xAAcAAABBQEBAQAAAAAAAAAAAAACAAEDBAUGBwj/xABMEAABAwMCBAQEBAQCCAMECwACAAEDBBESBSETIjFBBjJRYQcUQnEjUoGRFTOhsQhiFiQlQ3KSwdE34fAXNFNlJic1REZjc3R1grL/xAAaAQADAQEBAQAAAAAAAAAAAAAAAQIDBAUG/8QAIxEBAQACAwEBAQEAAwEBAAAAAAECEQMSITEEQRMFFFFCYf/aAAwDAQACEQMRAD8A+cFYpP5/6KIVa0+ikq6sYYur9X9G9Uq0wnrZpIJJ8Yo26je/Zv1WvFSU+n4hI5zHL2Doz/dFFJBAIwUxsWI4yE3rZaelxxwZ1FSOUWLuL23XJnXo4LMZCNNFkGEY9Xd99vZKp1/hXCksTO1nusbUNWeS7FYBfdmd+yw6nUnku0Y9P6qJhs7W+Va8vLJYXd3YrdLP6KiU/HKUIifhwOzs22/3dc9JU1EhNzve9mYVsSyUul6SEElyq5nYpHF+3oq/yLs0qHUBjJhljI3a7vb09lfl1v8AhdXFNTC5xu1yZ26e11k0WtwyTiHBYIwFsidaxa3o8QiZTAe/lduqU49DuoalPQ+IspRp5aepcmZ3Irj+jKCk8M00g5STZvZ/I/daNTU6TVwPNTM0sjEz8MXs7N3ssatl06KUTopqmE2axxve1/W61kqdtyOt0vQKuGKkhIpWZ3d5Cd2/uqVX4vnKpvwYdnd93dr/ANVgSFJJgJTDMF75d2+608tFlpgCrNydm3cGs7umNpYvHtZEREVLCTb2s7slJ46nlFxKlAb92d3VIovDh7RvVEbdd2ZCWlw1s/C02mlC3UpPT1TmWirapPFtBq2nvpWtwlCxPySxu+zv3dc54k8PloU4vHMNTBJuMouzt9rrWi8BV1SQ/wCtQBl3N7W+61oPhlqFTBwJ9ZpAjtcGc73f91cyjG4PNR/zLW0+rGIfxDxa7P0boy6ut+D3iGCJzpngq27NE97t63XPap4Q1nRiZq6kMe92a7fZGVlicZZVuLW2iJmimxZya9xboutgqZKumGakkC42x6buvMoxcit3vZdR4bleLOinuDkzuPt9lhnjHbhXcfPV5UgNIYE79msrdFps9aLTzng7uwvs3Rcnpta1NSXkNycTfr16rqdP1AqmkzjJ+Gz2v0XByRs6GKph0aP8WTi3F3CMWa7u3e6pVPF8RTw1WrH8pRQlfozO9unuoxq4SFubOVm2Yt2ZZuqQalrMBQyE8UbO1mDZZw1vW/FIyi9DpAMcTOwcR3a7t6qto1I0pVQSX4srM7W6XXKSeH66mnN4hK7P1/8AJdjoVJNRUwVEmZSSC4iL7Oz+rooZ9XpFfFXYRhkzt1ZlW1DSasaYn3EBa75Mzfou1oCmjJ/nceLe7e7KHX9Gm1TSJf4fM/zHmeJ3bdm6pxFeOahAclcwkLkzWbb/ALrp9PoWioYwMXzIch39lANC41JiTYsGxMXW7dbK/ILxUn4l7MzO1lpc/EabHhmmYSxvs19/VdeVEMtmK5MLNivONH1R/wCIBF5mf3vZekwVYz0wjbHZma2ywyy2XsT00XCqR4cRbbdWW3BkP6rPpiYZREbl91qxcw/qr4p6zzy8W8n4DDfdkpJH4f2ZBGL4unIXEXy9F6OPxy7Q8dy5fVZ+qUTyUkpCT3xdWMny/L6IqsX/AIbKZE18XZZZq/j528YlMVScf5X9FyEtxHmHuvUtf0RqvUJchexd7rhvEWjFp/D4d7O9t3V8N0yzYI9/d1MIoMcfqUorqyctDiiG6JPlzLIi8yXlJS4oeFkkCHyoxSxxT4oBiQf8KMhTY4i5IOAIXQfSjlFsne77Mz/0Q4sQsXqgtAFRESnUBeZaQTwBEgLmUuKiLlVy7XvYMfyocS9FLslkyZq4LQppHpvqcTJv1a6qUkbSVMYF5Xfe3oppPxKkn7Xxb0sydbYNzQiyIwEXJidnu/da2t6vwI46aDuLX6rCoa3+GiR45bKpXas9TUtNji7NZmWPXddOPJpPITyC8tSeN35fW32VQiDF2ElUlqZJSciUeb5eZXMdJvJtcGV4pWMbFZv6o44pq6Upi5r7O/oqIyP6qxFUyRc0ZuL/AHTT2TTk8RCA3FrPf3VQiYt1p/xZpRYa2MS7MTDu3vdRyfLSRBwhvct0qfZUilOImOJ8X9lIUs05NkRG77LVptICcXMWAbb2c+q1JdN4YwjFCwm7Ndh329VNsjSTbBoqKWpqxglFxjbc7enup5dLznlYTCKIHsLlbmW7JTQ0xMUZ/wCsPZnbuylpNACepHiXN2fJ27N91llm0xx9VNC8NsV6ipsVrWZrLpJZKWmxiFsXNsWwHe6ni+VgyaSYc2a2LdG+6z5fFun0hOEdMMsm+7ssrla2mJS6NXy4PTRuQP8And22WjTeHSjF3l4pPbbBn2WDP421OQQamp8fy2booy8TeLJLnELiP2V4wrNOtg/iGhSRVFFqNSMZPzRSA9m/VdHSeIqbWaQqTxAICZbRkLbv7vdeO1fi3xGP4dTPi1ujszrLl13UJ8OJUPcX5XbZ2WsxZV3njTwIMZPWaS+zM5bNZrLltCkEqlgnD/WG2Z3XRaB42kn00qfUhc+EzC733s6r6hp4fxCOtpAEYjbdm6t7uozumnHjtnU1FKVXLFMeDZOTvfZbMVXwKYYInYmY25mvupS014ohl2dyFu6motPiis9SxYO/7Lh5Lt1TFOPEksccrA+1rvZbVNPXBGzR1MRNdr3f0RRVPhuKDOtjm5BYWZm3L3VykrvCk8rNHxor9Hdnbf3WJXHS1SVMUpWn4XE2vu3X1Vmrn4Eghwcrtu7Ne3o91UqfDcE4vUaBqIFM734cj2d/ZlDTVuq6fUsGpUzEHlkYd7+900q8k9SVWITm2BFyvZ7t+qtwVr01TiMjcUH326stEaajqRA4+V33Z73dr9lWq9GGXhlGT8cTu7t+VvVBVl6tFHTEdXLTMTnzNbosGWrircoiDF3Z2Fm2Z12usxNU6W8W18Nm6Wa3qvPIOWucMmJge2z9HQnTc8P+G8qmM+F93Zd4OltELZXs1n3VTwrLDGIBfJ3FnZ9l09SUc1h3JxGzJddlkz6SL/WW9LLWgjHHooaSm4ZZla/bZaAi3suri43FyUOLDbFKUnKN8uZmZGQoJB5X9HXSw0o8NssrZIdQ4Q0krSvi2Dv6upytGXNe3osHV5eLI4Rk47Wsscmkcnwmqa4sRbmbZn7Ll/G2liUGFmE2e7uz7LvpeDpsBy1IsTsz2s/R15L4y8SBVyFDALjcna9+iOJnm4uWwyOOXd2Uo225mL7Kv5i5m/dWhFtuVdf8c1hJxHIkQinEVCRCjSG26FAS4oR8ycU+KAUnZRF5XFSkgLug4iIchf3QeUVKgIuqDRZICFSqMhZXiEagkVgrKOTlV4wRXK6WTpy8iFaaUkoyYakC7M+6lEmLN7sLZ3ZVQ5dxUskol5WxSrWLc8/HJgjsLf3VIh5nZLiflR5RlEw2xLu/qnMdK2gLuh3RlykhQz2Q32UmSQj0T4qWuMLJEEjjZTDRkVM830Mmipi4giIu7k9muyVaaT0xcQmDIs3dmZm3v+i6aAamiHIpiI2azX7ejKbQNGeiJ5J42IzZuHdrsz+q3anT3jIeITZk12bazuubOu3jw8YlNSBTSPU1bvLUFuI32/VbMdXLFTSSSA0WQ7f+arQFDLqkYFC5GTbXbYfW6fVxnqal6WBvw82bbuywadWfJAQ0hnETlxysz23u3VWPD/hb56csnY5cm2LZm36rrNJ8OjJTPJVyvFTxtZiJtndurKDUvE1Pp8Z03h8Bzd3Z5bNdv1RvRyL/APo/Q6QLcUIpZLN6Wb9Vnat8lJAQ1OtQUkZNi8cVndlyc8+r1tSxVNWbgT8zC+7qjXaSBTkQkZNfqe/9FrjloXCrGpaX4cAXOPWJKmV732ZmXLlAJEfCd7Nd2v6LYLTXKNsWa323UtFpBcfmByu1rK5nIn/Oq+hREXGcrWMWsuv00WlpgAulsf0VSh0loo3xib091uUlJIIjyYt7Ll5eTd8bY8eko0xcMIiByAWsL36rUi0tygxG97X3TRWxbISKzszY+q2YpCGwSNjdrCua3bbWmPHpMUUucokTONna12daE/hfTq0hcXMJHZsbMzbrTkgyswm2zeii4ZRi2R7M+xP6pFYzv4FrGj1I1NEXzUUVncWa129HVui8QR6pOdPUwvFMxWJjZ7M/oyKr1LVNJIKmkkGojfrGXSzeyqVPjbSZ4matpBp5m3Mgbe/oqZWNb5R4ichFrdRftdZn8UrYK4Ip2YXO7M9rs7LR0nVKDUoCKKpbhAOVnfdmVeepoZBcylYzZ+TCz2+6SGXq2oSz0k7Ri4VFMOQ2bzM/ZcnARFKMpBi8rO5MzdH+66/V56cZQ4guMs0dice2211zPAljqeEXMxtYHbe/6oJ0Hhmciq3EbCIMzXb3XoWnjzcxv0Z7OvNtNj/h4uWeL7O7etm7qxrPxNqfDOoUsMFDBVBJDmd3a927Lbjx365+bLXj1CMfxScna3Zr2spR+7W73deQx/HrUBkf/wCj0J7N7/1SL476kX/4chH7Ou3GajhyzewCTZY5tukXfE2H2deRf+3nVCHm8NwFbpuhL49ap5f9G6cWfsz3dNPePT62cYhuVuj91z9TV0wjxCtdt937rzfUvi1qWoebTBh9m/7rEqfHFbUjzU7C3pd3WNx2rvHWeKdbeSmkCPtv1XleqExYkNici5n7styr12aujeIomB3Zt2WJJTOV8nVceOmeeTMIcVOPlZTfJNj5k402JNzOtaxN6crfokpuFj5kuGyQQp+HjZ0fDYvMpOFy8qYCPlZElw32ZPwxjLuSAZRSC4qwJB5e6MSEfoySDPzTYuV+V1e4cX0gg8qDUSF1ES1MYy8wqHgRSE+Qq5dBmEopCfZbBUMW43e9ndvRVp6IYuFlvmGTrTGhlbkli/5VdKMfptZDw2/KtZTBHEIy4kTqvIOJP91YnJsuVViUtboOTohNAkrQPLK6cVGjFQazFE+xdlKURFchHa3RDSSyCTc23dl0MQ09TGPCDE9vM7Moyrr45uMiITit1t+Xqz/oul0+OOeOIp4WB9nF3ayqSxhTUxHK34mTM1rPZlPTDPW8MSyCMfK7/wDRc+WTpxw23/4o1JBhEGcl9ntdmWdPJJUycWSYs2awYvsytxUw8ARkIRkbzOX1KrwRkuNNcbO7M3dvsueuzHHxa0mCWO9WVykJ7M3VmZls+H6J6vW55ZGIQhu9n6Pb0VGmvBTQQ0wvuXNl1ddPTXohYSb8SVnJ3b0ssrlpWlTxFqUsonQ0xY02OVmfd39VzA6f+Kwbi/uteeIpa4yFsQbZr91PFTHLUi2L363t2Ud6uYbDBp8UdNTgIPnmzu/W91DLpEkhVOQbcTb0tbsukotPaepFp/oe7N7rQrtGGOxk+x2e3T9WVzKrmDi4NE4cBnKAjfYb/wB2R02iFHKJjcv0XUlp7S4tk+zbMzK3Fpcg4tJkOzv07I7Do5kdIkLmxf8ARloQUUscdij3bo7rZGAYics3223fZS5MQ2Ef2UX0+qlFpoQRC8hNk+9mU0ZZSZCGWD91PHSFuUt79m9lNFG4k3DF75fdRfC6peAYkwkLEFri7J5YSxEZA2d+391bignGAXlFy3d79uqlKMpBbFJFjMk0/iDj2Z+W6878U6aWl1LzcLMDd7u7L1USYbCX7LJ8SaMGpaaYiGUjC7j6ps7HmPh2rGTUiysLONrM9tu636HT4ZyqmpDMYXZ3J36i7P1XIU0LUVaZFlcScSZ9t13nhmCYdJmkHnecnu/SzeiGdUdXiKWOjeMnEyBxv62fa6VFRMUThOT8QX6vszfZW67KekYBB7i7YP8Alt1U8cA1dJKwu5SMLC5t/dkFQSwsIjHLbmZuZrW3915/40geLXacJHy/Cf8ARrrsdNllKCWgq35xL8KR/bs64vxtK8uuw5Pk8UWJP6vfqujg/wDHn899ZIk4jypcR0P+6AvVt0vMux59ouK6Pi/dQkKHF0CVY4uQ81lERMX0sgxRJHso/MnIv8qQyY/SmyYkJvofqUubeijxTpgitl2SyYR8rISFJIxZew/shySSTAsumyQliT4s36pIfKghkTejJZNig/5kkhvQsmEUhk/yMhRJhGUn+VEMmP0J9hT7IM5SOQ9GWXqkuM8XsDstEuZZOri8c8fuLrXDEKxSZeVDxPdQ5ZeVLddMxGikuoroyTYrONbNASSTiKpJk43RYocUtBLGTiTfda1NOIiw33bdY4rQgj5Wf16rLN2/n+NbivLvIfsy3orxQRcxFt9ljU1E8kTF6Wsy1YIClHmJyjFrO7XbdceT0sMUvNLO5kb/AGUsBcKdoxHd+/dCMQjI/CJ93bq91bgj5vdrLOuiYrtJyyxdc87Oz9eq2xL/AGhIRG9hBmFn3syxIrlVx8MsXY8nd/T0WmEZlUyTE+W2K56vqXFbnKNmK136KamkcrSx8r2TQEMGeLMN23u12U8BANi2JnboyhfxpaaMnzcUhSv13b1WvqBSSSO98WszC9rsyoaSP48OXqy3auMZJXGO21ndaQMiAS4vK+bt12srwyzkWJjt03SqSkjESgFrvfKzKtHWzCX4kbkgkksD75Nu6npoCESO2VlAWpfhOcgY792UMdTUzz4xO4xkzu7NeyFL05RCIvnzu27N29lFHPw/5bOV3tfpZT0lDjA0spOT32urAkIcoi1/spB4K6YYPI5Mz29eqm+ZhybzAfdrPZFGLjGw/qkQ5dkmVWIxCWPzNu/VkPAKOXlFzuz7emyjGN9nEujsrcYuRd+lkIryfxNogwa255PwyJydsejv2d1qabJJB4bliEcXa7s7P2v0XQ+NIIx095iDdmfdcjTVry6MMeWN9n267oY5RrCUVXohFHcZMMb92WdSEdILSjc4w2Nmbq791d0gnppXppHyiNnu9ujpyLhSVLCPJZmtbq/Z0a2zy+Oe1KXh6kQifQHJ3taz9mXEeIpCLVg4gsLvGzuuznljluw85s/N6/Zcj4msPiCIo9mOHoW9nuujhmq83mvrM28o9kkePLfbp2Ua7HBfpyTbJIUqZ8kWyBEgEQoUSSASFEkgqHzIsWSSQZ8WTJsk6ASSSbJAPsmxSyToAUkkkwSck6REgbJZOs+aL7LWLl/VYusk/Fj+y3wVFERRYoBkR8RbymA/Kg3RkkIrNtZsGKZSeqjVJ0IRyRYq3BF/q1y7qSKmyHt+qjs2xxlUQjfb7rZoYOJJzDs26rx0khEzi21+y3aaAox5h/8AJYZ5Ovhw1VukjLFyj7dlcgleCJ4hsIE9yUMSm4DZCRfsuS3dehjNJ44mHLhttdXqaP27bqrEON/dWopCEnEe/qpy+OjFYjLhEx45XdWyKUvKLgxOq8XmvL09lcGWPFm9Oi5rV6Bwn3EiyRxk/EHhj09EAxPJO5ZuNmVuIsbMI7t7JFp0GlyDu8nWzO1+yvDJiRc3XusOinIY35fZHTRcSTGWQ93vu72TDa+Z4d8bE6D5tsmysN3b0RDpMMn1uTezuop9AacW+WlIXZ97urJoFFTyQc1ru/VRCLQD+AN2Zt7sqkmial5I6jZt9iRjpOoxxk8smIN1d3v1QFv+JAMY8Wws/Zn6JDXQEN4wc736qv8AIxCIjJzvbq6tQRtGTcu3ogDjq55do6cvvZXeBU4i8fNdSDUyljw2YA6WsysRyORKGdVB48ZNxInsrcc7bZA4+qUiDFCKpeJIhn0ScCDOwu7e+y8kgqyjphhHlwN8vW9+69w4bSwPTyM3ld/6LxTUohg1aSmEeQpHctuqGWTp9Li4ojIRsT2d9vsq+s1ZUnhaprRFrwyOzv7eisUJfKUWf+7AOj/Zc74x1B4vBpQi+1URX9L3WvHN1y8l8cTB4iKCUamN8sndzZ+jO6rV2pNqmoDMQtcAxbfbqsMY5ccPN7K5RDw43Er3vdmXZJJ8eZyXdXuJkLio06ZW56SSSSSSSQolNLZJJJJTatkknTKt0ySSSTBJJJITskkklNoNimRIUeqFslkyHdJUBIcXySRD5UwUnkWJrNxli+y2vpWRrYvxYvs6241Rl5Ic0WKWK3UMhViOPlf7KD6loCI8J/ss9unTPxSwctvVTiLKaONhJn9EUtJZbDEI+jIRkEhsPLsopSylL2UYk+Slrg39IqRyGCQGJuz+i2JBHLlJly1JLwyF/L7reikytiTldc3I7OKr8YuNuXJXeUhbL7qrH/Ib7K3HbFlzOwQirEQ4lkoY1bAWU5VvgnFTiOIsXdDGPRSrnWljt1U0EmJEqhXx5UcQkRCOXdB6bMEojF+ID7urAydMQy/uq9JYpQAmutYRGKLEWZUkVFUyxSeR8O91rjI0osQ2G/VYozuPlJv6Kemn4/J0N3sz9kbJp/y7kRfZQyyEUT5Pt6KjPU8CS0r5W2sl86Egt0t3S2Npssvs2ysRliKrCTYtiWz+iMpW29ezMmm1fiItsuivxlHj+nVcvXal8nA7yHiz7WfqqkfiuPhYETW7b7uhDsykD6jYf1QlJHjymxfquQHWWn8t+rN19VN8ye3O9r9kFXaRkxS9NnZmf7LyXx1p70PiIpQfYmyb7r0nT6vjiw5uNmfm91y3xVpC/hdLWCDZkTC797erpMMmPRT/ADPhKfivjJZ2F/sy4vWxKp8JBHIeRwSO7u/fddDHUv8AwSmCOxM187bP0XPa/MMYjTR9DZi/ZaYOTk+OXKMYhY4xe7D0f1T5NJi5Bi9muppRUGWOy7Mfjzc6ckJIseXJMtGJJIUkM8hIUkkiEkhSQCSSSQokkkSCJJJJBkhRJIAUSFJSISJD9SJOKOSZOhJMGWVq/NPG/wDlstVZmpD+JHl1xWmN0Ns7hpYoy5r+6bF1tMlbCRY7qaKVhuJJpI8b5N9lApdaxk2St0kfFiMe47/dZ4krumyMNWzSHiBbF6bpnj6hIeZ/uhHm+lW9Qg4U78N8gd3s7JqSIZIjL6xa6itJEkEjRR+Xd9/srVNXFxGyLa6zS5Sb7IopOn3WeWO2uF1XZUxcSBldHlssbSZ2kgyEsuy2Y+YWJc2U07sMliOynj8zKsIqYZGHzdFzZOrHLxp4oCkcSbFAUmVsXya2ymgjy3IVmvaePy4/qpox+r03UWTRk7EqNbVyDk0R/ZCblpsS6lBSCJyGwvbZ791SHxIMuXDNyt6LBkpqyt/mfym639VNBTQ0wlxHa/Z/dPRTKV1EFS5CxkT8zdFp6fUtEQn/AJm/ouZiqQEY+fbHdXqbVIREQE8u7o0e46etiiqZQIn6td7KEqYSiJhLe3dUYq4pNhHL0+y0aaKrnHOEMmSCOhvi8RP5UdXPHBARSHi6grtP1SmI5hbANnf7LgPFPiaplKaGmLkibmJ/X0V4zdZZ3UaWv6/TCWE8zCDO12vv0WPBq2i1ZEUtSQWtvvZefzyVOoEchXLFrlv/AFsjptQqdPpCg+XAo5Xvcxu9/Z12zgmnHea7ewaXW6eRMFNWgbNazk7M7rpYxYsd2JrbO27OvK/Aml0viCk1FqluFLGLPGQk/X0WlTD4n0IieMJZqUHe13d9m7rLPjkaY8m3rtELxUwdbdXsym8V0Tat4QfhjvFYm7vZlzfh3xo2pUjU9TTFFKFmfZ+q7Oi/FGSImyEgxdn6Wdc2hk8XqY+Bo1WAm4uFma3V1zepE/AhHuItddb4mg+Srq6ll5HikcrdnbsuF1CrKQhDLZmu9vfsrx+uLmVykUZc3Mm+lN9S7MHn5DLypk6HFaMTJIkkEFEhRJJ0SSSSY0SSSSDCiQokgSSSdAMkkkgEhRJIAUkkkKGhJIU6ASytU/nx/Z1rLL1T+ZH9lWP1NUhsi5EPqi2W0A54CK59mboqhKzITlGoRH8Rix7p7d0CMZ9cVINxVuTzMFn3b02UfAx8ym1rjBDLxKYI8csXd3d+qlgJ4sxHu1kEYtGKciESf3Saa8RFzE5F16KPcS5eym4DyXxL3VfcVIxvro9AlEhcC893XQxk8YrkdEk4dTzd/wDqunjkchb9FzZu7BfjLJSCOXb7qOMcVbgjIRf6d1x5OiLkUTYt6srAiWOIqGD/ADP2VmMuuVxZmd3ftsok3R2AUZcI3Ls27u6zJNS0qL+bK97/AH3XO+LfFZZHRae7h2I2fey56m1n5GiYShzlJ3fKRrtZduP55ZtyZ82nbz6vU1MZHp8OUbbO/T92VeOerInephG9uy1PhPr0ep63Jp1bQhLFKDu+LdFt+MvD8Ol6gRaabFFKVuH3a6nLDrVYclriKmeaMhxdxZ26dnQwVMmTBxHF3W38kdTG/wA3EIhE3VtljT0TRztw+79fRlhk3x26bQq6SKNuI7lvbd132hahGUFs8Xyd3b2XmOnk8UjZdG3XWabVti/uyhtPj0WriHUNLMRLdxsvJ9f8B1JaafC5spXM2bZ7ejuvRdJqykgx+ytSxccSDs/qrw+sc/Y+aavwhqkBSDBE+H6tf2WhSeGNU1CiipqyNhBn5X7svZtQ8OyEWcZsLWfo12uqMGjVUduVi3vsu3/Tccv+bP8ABfhZtGjaPDJzdsnf0ZehRRU4UzxlCGDC7O5Myw4oq0JAEbA3rZaBXGISnmYmZ7u11hlltcmjjptDIQ8OIQZ33cWtf0datFTFFOIkfUt/dlUgIKsWeAmuxM1r9lqCL8mXK7XusarJ5V8Xqb5TUo6gulVG4u7evZ15TILELb5GLMzv6r3T4taS9d4WGqi60rs77Xd27rwsZBkEjj6O7WfutMI87n+gx5UCMiQkS7MfjgyIvL+iEU6dUzvwySckyRQ6ZJJBEkmxRD/6uhRkk/mJgEXI3Z3Zha7vb0ZN9TgQuLt1Z2s7fogBSRIRQBJ02+VhEje7eRndLIRvyuNixdn6s/pZV1oOmTjlzZRGDM+LOTOzO/3TKdAk6ZJAJCiQpA4pfUijQ/UgqRd1m6p/Ni+y0yLldZmqFzQ/8K0xTtSRbIcUWK13oHgkGWwF1vtfvdSyRPxGAeyoxSPHIxD2WpTFx5QP/O17KcnoYCEuZsuyMhYiUs8GVWbxGxMz9GUUo4k4lyusq7Mcdhq4njphk7O+yoFI605ZCloQAugu6pFBy3FleIyxquUhbcyXm83MlJGkIqqxmPrV0cXKdv0XVRD5R92XOaILERF3ZdHFcpBXJyPR4/jQx/urwkwjcv0VWCPK5F3daEEDyF2KzLjybmgLiF9lk+J9UnjjakobjmL52ff91tSUk2QsIY391HW6M4xNJML8Rne219rKcfqa8wk0SulgOpwcrXv6v7q2ME1XpYUctAQygzuEtt/1XoVFQyDK+MTCG3nWpFFw4/xIgw6NizLunNJPHJlw7vrF+GGn/wCjsdRXVcf+szDhH7b9V09dIMt5qs+LJnk3s6hGMyHKAWs22+1kHDYSeTYjdt+6yy5O31vx8WmJqRTy5xxcue79uqqR02MDNIORt1Wvwimncy5X7XUPCfJ8vVc9u3VjipwQuJPy7LRppXjlFQyDw74oY5HyZJprTvNGnERvfddLRSDJGxF3ey4TSav8MeV+tm+66mincREiva/R04wyxb80URcuxKoUEUYtilHWsRP7qEssr+VbY5I6opbD+6rSiEkTsTKzKLlFy9W3dU5JXHlsxKci0yq7Ta2ONqnSZiEx34bP5lq+F/FBVovR6sLxVQFgN/qso46vhyty7Xa7XsyqazprVOGoUHLNCTlttk3dRsOw1mhjrtE1GlIGK8D2v62XylGPCKanLqEjj/VfVehVw1+mlN1PgOJs++9n2Xy7XR4+INQEejSk7fq7rfjeb+jH1WLlsmyTn9Kjx5sl0x52SVN9N0YrX8G+ENQ8d+JB0rTbxRhzVE79Ig/7v2Wkm2X1glPGJWIt0QygRYiW/p3X0JU6D8K/hkLQa3hV1RszE0vMTP32SqfAHgP4l6NLW+DpI6aqAHceFszP2Z2R1OTT5+2/dNxAEciNhbLH9VPU6Tq1F4ifw9NTP/ExmaAI2Z/xHd3s7MvbdL+EvhDwN4dg1X4g1fFqcmIxN2YRd+os3dVMTrwb5mIcubo9n6KbiCMeQ2NrM72ft7L3yk1n4KV1T8rFTUwPI7izkNmf3vdcx8WvhLQeGdA/0o8LTO9CzjxovMwg/R2dPqWmH8DIIan4wU0NTGMsbUcpMJsxN0bsq/xmGCh+L2pRwAEMbQR2YWxa7+zK38Beb4y0hfmoZXt6bMvTfF/w88Pj4/1Lxh46rYw00owGCF3ZnJxbdHWK0+cyqYiLzYt2vtdHHYiH0uzr6E0+D4Q+O76TpcdNT1F2cbNiRfZ15J8RvAVb8Pddjgkd6nTqonenne7W38rv6pdS01vhP448M+DR1CLxTTNLJUy5RmUbFZvS64rVq2nrvFtdqVMONJPqPHDa1o7s7tZei/BHwLoXjQdVLXad5jppWGL0ZursvOtXpIaHx7W6ZGLDSx6q8At6DdtlYj0H4l/EHwn4r8F0+leGaXCrjmjMyGJh2Hrd7LzaTlJes/GH4d6B4O8BUmqaNTvFUySxiTs+zs7brySS2T49PRZ5TRUyFFlyoVmRJISSFR/QlFMnFJUDF5XWZqQ/iwj/AJXWmXlWbqX82H/hdaYlpTxdLdLLr90+6vbOxTFXqIZRF3EsQ9VRFaMVh0sh7uadd0y1WnpZfig8tuZ3b7qXVoB+bEhbFiWVFIUQxPfo99l1dTBHXafSGPsTv9uyyyenw/EENDEVIIyNuzqhqEEcEf4fR2W7P/7tlGPsudq5HkFwIum26Urq/jJIUI91OQqPH8qdrC4+tjQh/mP6Oy6aiL8Xm9Fz2gDymPquhg/DLL9FhnW2EbIYlEyvUkoxFch7LGil5WVyOVceTpmLYpp2lrmch2bstb8GrnEZW5B6+/ouZineMmx5XWrQzvuUnW9lmfVelpGKd3HyY7IRpmjsJH0QS1bwSv0K7NizqnJUmV+br1sqLqvSShEOF23e+yqFIOT4k1lSIsr82X3QDf6eqNqxml6OOMi5v3WfUyRxE7DzO7upeKWPM/7KpJG5Ff3SaRFk8nlZ1sUmiPJTCeW/e6rQRNGLGL7rd0+diFgkLa2zIPS1pun4xDiLFZ+zLcEcYh5VXppBjgy2G3ZuqjLUg4+BSPdDOxeEci5eV1eGNyFsuZ7KjFzcw8y14oiK3L2utMGVmlQoixfEXWXPE8ZPl6roZBcRdllakUcUbnK+LMyeSWcUbdUVJV8CV8udr4uPs6r/ADsRDyv1VeOUOOxX6kz+vdSTpPDOMFTqFJsLWcht7s+y+ctUHHxJqLf/AJpf3X0RpcWOtmYk95Ynuy+evEX4fjLUgEdmlL97rfjef+j6olzINk5FimksuiR5WX04ky97/wAOsEFD8PNa1kY2eoaaRifu4g12a68BxfF8WyfZe/8A+Hz/AFn4Ua9RA7PK00wWbrcgey3xTI8Fra+XX9ZrtY1B+LNVzETZbsLX2ZbngTxfP8Pdfl1KiB5oZonGSAdmd+z2XNxRHAUtHOGEtPMYGz9bs7rX8M+H6zxX4mg0bTCZ5pAIyfqws3q6s1jW/Gmp6v42bxaQQ0mogQvGzeUWHo7t6utXXtQ8a/F2roJp9IklanBwAIxcYze/V+ys6B8M62P4w6f4X8RCOAi9SbDzMYN0XqfxP+KLfDerpNB8O6bC80kWTvazRt0a6NE8jo/gZ411PigWmxUuPlcjZnd/VnXs/jLRqnQv8OFTpWoTNNUUtEISE27O7P0XjGu/Gjx1XUGE2oQUlr2enGxE79GXr2u/Oj/hgM9WOSWrkoBOUpHuTu733QHlvwBuXxfoX/8Al8n9mVj476zV638SpdIlkcqLTIhIYr2Yne17sq3+HyTL4uUW3/3CT97MofjHTSUPxl1N52wCqiAonfoTW9UKcNMUtBw62hLg1FLIxxyBy73vuvo34ojF4v8A8PAa3J/Pp4I6kSdt8tme33XzlqEn+pHDFcpTJmBh3d9+y+jfHYh4b/wzNp0v8yehjiZn2fJ7O7W6pkw/8LpPJTa0ZdXMXf72XkPin/xP1J//AJ47fsTL17/C1/7jrRF1cxb7WZeQ+KP/ABN1L/8AnX//ANMiB7t/iJ/8J9Ny/wDjxf2ZfPxWX0B/iOL/AOqjTfX5iL+y+fyWfIVRkmRJsVkkyQokkgdMkhQBETLNruacPZloEs+tH8cfstcS2qY8zl6uixZMnyV6NnZKYZX4WOXe6roxV6azxpjI0lIJd22ddJ4bl+Z0uoo+7PcVydNI3Cf3db2jVLafViV8Y5GYXv3d+yyymno8OfjeopG4clJKWMnZ36Ouc1CmkgqSGXv0XQapA8c7TRi/Z/uyMYoa6wyj1bbouf5Xoz45McRIR827Lpqvw/FFTBLFzMQMV2fpfs6q6l4faGLiUwu9t0ek6gUtNJRVNxe3Jv3VXLwdTabA8EhZdFrxjlZVIom/4Vdj5hZc2V2vGaWBti3srcRKkIqxAWN8llZ42xXo7ZM/otGkkbc/KDXusuMmJXSk4ekHy+YrMsmqrFO9XqB5O5MN8Ve8vKqmnxEI5EPazK9wnJBaQEhRSjiVkP0p6L4W5JY8qUaMbkjQlNB39FfgkxsfZt1lz1tNRRNx5hB3fu7LKqfGNDBEQCbF1ZrdVpjx79GWenoVDXRCL8Quv/rZFPFEN6mN/wBGe68pLx/jYRid8du97IZfHdXJE4UkZXf72Wn+ekd9vWB8SDSWIiYLeqCf4kUEAu5VIEb7WZeNS1etaoWMmQAW+3fddR4f+H3zxQnUuWGbZO+6etJvr0Kh8bSVsox00Tk72e9uy0amIq6mPj3F3v7MpqLT9O0SKOKmASxa17bujESnnyIeTfbsssvpdXOlp/ywsAqvQ/zMR5mE2/uukrohjFzHldmeyx9NgeDiSYsTmTXb/qpKul00stXicea8Rf2Xz34oHHx7qjf53d/3X0Pp8f8AtKL/APTL+y+efFEjf6casQ83NZdHD9eb+lllYlGSfJ8UxLoeTkcCcbrrPhh8QS+HvimU6sHPTK/EZ8b/AIb36rkUOOV28zOrxy0UfQ3iL4Z+C/Hurvrmja3DRVErNJMMZtYndtndlY8O6X4I+CujVeoT6rFV6jMD3JiYjP8Ayi3VfOMEbwETwVFRDfZ2jNxZ2RFHxJWOeWWZ7bcUnKyvsHY6f8Tar/2wxeNq+IvlnfglHbyQv3Xsvjbwf4S+LA0eq0muQU9RFHYZIya7s+9iZfNheVxx2fa3sgjjeAT+Wmnhy3fhyOKcyD3Gm+HPgHwBKereJ9ch1A6a0scDk3M7dNmXSat4z0L4g/CHUuBVQUjyxGMcEpMJcvRrL5qkiaUhOc5pja28xOSXDbbG4Wd3GzuzX+yfaE7T4Czwaf8AE+jqK6oGnjCkmFykdmb23XrHiiXwN8UtZrNErq2Km1HTiZoKtiFmkZ26M/dfOZRjl+Gbjta7PZ/dkHAj4rSxkQSM/mF7OzeyO0N9A+H/AIQ+DvB2oDq/iLXIK1qZ2kiYzZmF+127rgPi18RA8f63FRaXcNFojuDvtxT9bei4KUZKm/HqaiZntscju37JRxjHZhFhb0U9w9m/w46pQ6VBrn8QrYKa8ouDSEw3b1Xk/iSaKX4kV80RscZa2xCTdHZ3bdllTxtx+Lk9/Z3ZrfZdJ4d8D+IfElXpNTRaPUTUJ1QG9ULNZ2Z93d/ZXLstvZf8R3/hVpf/AO4i/svAZPN+jL3H/ErVjB4U0LR4iykknYsb3ewN1Xhcnmd8svsozFMkhSWaRJIUskAkkkkAvKs6tkaQmIe2yvTlyrOk5v3TlR/UGSSIkOLrX2mzk6ZJaNksZY2W9JctNhMeovdv0XODda9JV8WAIJCxx8vuoym3Rx5adzo1dBq+kM0thqAkYXF+7equx6e8E+fla72Z1wlDUzaTqDTRlkN2Z/dl6NRVYahSBUR923b0f0XNlHr8eey3xfIWt6WWPPSRRzlUEDX7W2W3LGRWx9FnTxFNcfKsbt0quxC3upY7iLKvHHLHk0jPs+zq2IuQj+ikJhRiKYY3UvDfG6zpyrMQ9FeKmKXT+Xoz5KnTW2HutKL+Q4LGtpTQC/CHH03VyK2I5fqgigcRf6rpSDiPlUi1U1SrpYJBEja/6LOHVKQixElNW6bHUycWQcrdkEdDTxi4jE3/AFVSkil1aCIXxFydYddrOpzyCFIHCaz723XQ/JQj9DIhgi25GV40OGk0avrrvIREbvfe6li8HVcpM2D9Oy7yKNhviKvU0vCK/stZnpNm3F0ngKYomMgfZ7bsuipPCkVJAAlCI5Pu/fZb38QLhYY7Xd+qb51yiYSvYeirsWkEGhUcM7GTv2ey6CKaOCBoablZnd/3XPkTlO2N9xWxRRfhs+T3d26qLkbQgylvxH6LXgjfhiP6KjTRYiX6K3JNJFA/6Wf0WVRkr6gPElcB6Ws6oQUJQSCxHkBP27K9GTFd5O/dHEWWYYvs+yCW6S4z5/ljLf0ay+a9Zk4ni3UjF2s8rs/vuvobVNQfTdGq6nuEBC33s6+awIpJZZj88huX3u66OP68r9F34OS6ikk/E/RlJIX9lXIuZbPMzSCWSSYU4qkyiTigyRiltIskySSZw5JiLlQkoiJMbGJdfupFAJKXLogxocnSyQZIBpY+ILiV92dtuq7Xw/8AF3xb4Y8P02j6Q9J8tTtYHON3e3u64siReVOXQW9U1vVdf1Z9R12sKrqN8Wfygz9WZlWQ+ZIi5kt7BJJZICQEgpiQiSJACRJsnSJCmQJyxVRWpeZRCKE6QlGhxf8AKrGKfFvyqtk59JJJdDYYqQSxsXdn2UCMSSVjWpBUjJBhI/dbGia6+lzuGbnCXZcsJIxk5lnli7OPmsezU2pUGoUUZxSsErPuLuyOWCDF5eIwsz77svKdKq5Rq4xEsd+jdF1hRSS0hsRlzE3R1zZzT0uLk7Rf1auh+dEKbmC7M79laGLHEfsuZjj4EjCRPZibqurEssfs1li3Pjj5UfmHH7JiLmxTxrLKmsQR/ij+60Yy5mVGK2TK7H2JZKlacA8S32RywcuRCqsZMO4krEdS2LBITkkueqZCwlzJyphL0RSxsSQ3HlSNCVE3qh+WYVZEkiFiTCsMTYujGIvpbJWoxYRUclaMQsWLE7o2rQOA/UnRDG3Nl2UMtXPPbgBiz92ZSRaTU8RjnPYrdHVbTpPHwuIJEf07+y1qKphxZhPo6Cm8PxjkZG5M9ltRabSxxtiHZPZa0aml4hPi+2ykq52KUIvZrphgaIuVV6a1TWkRdWezIY5Ve4QxiJ+b2UIyPjy9b7/ur8cbDG4F1VThsM+H7oZXJyHxTri0vw78uJ71LNj7rxQbx2H0XefGHVPmfFEFGB5R00TZM3Z1wpExcy6cY8rny9CXlUP1KUifdREtnFkISR/So0+TpVnBipMlCJIs0Q0g/wCZIlHl0R5IKgIlESlJRFzLTGJIVMKhHlR5IUlJBullypZIUSRJJJI36QpEkKEkLLJFlihSJBUWTJZIUsUQjZIckSSu+lURJYopEGSRbMXKmyZIlFkhTFSSSXS0JOKZJAGKNRZIskaVjV/TS/16L/ib+67zy3Hs7MvOopHjlEx6s7OvQ4BKp0+KoEsuVrv6uzLm5I9P8uQKuhYoGljbcbu3vstPTa1quijEvODYv+iCCXjC0Reez7KpFF/D61hK4hITbdmXHXo7bOP1KUUHluPupBJlhkaxFzEytjyiqcdxJlZiLIsSUmtb48pJxsVmJ/vZKIhEXH9kwjw7uhpjU8tM3Lw32f1QDBLAJOP4t+zdWUkZOQsOKtQSMP1Ne/RCmXFUjITh5Tbs6tiPKptW0bixNVUTMEt7vZZlJqTx1cUcrdDZjfpb7oNJW1bUmLXa7ljZV/5pPl+iz/EVWJazEUViC7vt0d+ylppSlxfy3SU3qEeGI49Nlr8NyiF1l0RYiP3W5GTcKwoiyjnIYmYS2bqy0Bn8rF7WWNUiURZZYszMp4JXIgPLJrsqjHL1sVNxgzG226raXBiWZfVcv3VnJpI3Hs/ZSxR9G8rNsypz5JC5be7qGImGpMpC5BZyf7MrE49Ob7LD8V1sWk+Eq+skPF2jcRf3dXji5M7qPBPENW+oeL9SqSfJnmcW9mZ+qziLmxSjIiHMm5jdzJ/W6HzFzLsk8eTy59qLHJCQo0xdkMKDFJPikXZJJk6ZLLqkZvqUn0qNPkqIiQEkRJleIPkkKWKFGUCVMhEkSkxCiyUWSLJBHTF5kskO+SDgxsixSjFHi6DBinEVIMbpxjyJBWIcUKt8NRlGyW01VLyqPZTl3UMg4pzIgFbFQqYh5UGKo7Kw0kkl0tSSSSQCSukkgJBXY+FNV5PkpzbZ/wAO/V/suOiF5JBAervZl674d+GTQUlLqFdM5G/MIttZvdY8jr4MtVn1sMkcY1Md8xd7s3orA46hSCUXMbWZ/utbUqEqGdwIfwnfb7OsThy0M/GjD8JyuTNvdlw17GGW1ikqSIWjlLE2dxb3ZXSuNsVBV0gy0gVMHLKNy27+yKinGtuBPhILbssMmq7BJxJfxOluyUuccuYnyNuqsglET8z7KamlGTaR8vR3WYXaKtacsO7LQJY0sDx3kg5Tbt6sr9FUtUwMRcp9HZ/ZVDi3HypiJ+OJCXRKQX2990GTCkrbdiq3KPG7E1rbfZYslIAyyjOzExu5CX3TwTvHfF+rtdNUzFJYSLZnRs+zGrdIaXE4je4upKSB4rAXZaURYk/uyRQZXP2fokuZL9ILSRNi/TqtWInxxFc5SSnBEwlYnd+q2YKlhESu13dA7LGpRF8sLjct26dkVNcY2+6mnqxk5LtZ2bb3UQyY2TRtoQTuIj991oxziVhG97MsWORaVMQ7Fdr2Tn1hyeLsn05dt15p8atU+W0Kl0iM2KSaTImbrb3Xp0kkUdpZDbBo3J3f2Xzr4v1svEXiaasJ3OKA3CL0dr9V04vN5cmGQ5CH/Ao8eZS5Jltt5uX1GSRCiSRvaQbpYp0yNEElGKOQkhHlZ0BGi+lMSX0pxFCSQkhIk2TLbEx5ItlFkxI+GXmslkCL/Ki3Q4uhKTHlUmL0R5MgFEIoBxFWI4EMcfRW4x5ULAMfMixR4pCKQDipBjT4olNIPDUMg8rqyKhPust1GSiXdV5FYl7quSvFO9ALyqNSYulg6vY7MBJJJdjYkkk6AZkYikIqSOOSQmCMXIn2Zm3e6A7b4a+F31TUn1CpiypaZ2u7937MzL26QhkJgLlYWZgZuzKp4J8Pw6N4CooJIsag3zld+tn7OtGehKMnMeUO11z8lbYeK1bpo6hQyCQMVmfH1XDT0jxTlDK2P3XpVDIwxuB+d92foyi1bw/BqFM5iDDUP0dm2XLXocXJr68yxKhlciFyiJr/AGUVXQyRk1ZQ+d7E9umy6Ct0+bT/AMGricuzPba3uqIyPRT/AJqZ+rNvZc2WN27ZlFUal64Y+GDcazZj16dUpInAvJh+ilq9PccazTSwNuYm9Vb0+pgrrwyhjMw3dujP9nU3GtZQUMgkLxydfdKpgeOV5wLGzdkctJw5yxLHdtvZWI5Bk/Ck6Oztd2UtImppRqaRiy5+lk0kGQ+Z0Ij8tiEfS26t+YboRVER4ZWupuHlzIygyJyujEejIiEIiphvipRgHF+VAQvvitJjtUy0ixYrKcSxFh9FFEWV+Xpspcck+guW1kZWIm9VZjJ1RjHEmVsSfZZl2WI5HElo0xfity9lm447l1uyeu1eHQtPOsqTa7C7AN93VyOfkyVPiD4kHSPDfBiP8aouLd3Zn6rxOP8ADgACHLd3f1vdX9X1efXdSkrKvmEnfhjfyqoQsVlvjPHmZ3asQlk/on+lSkKDFXtz2IvMkV0WyWOSqI0HdMSPFDt9StOkJDkpYx5cUJCxWIeiISxQQCHmQyA4ipvMmksIoJRk5bquUrqxP5XJUSvky1xhLdMTlIJe60smWXTcyvDdTl4FjJsejLPn5ZX9+iul5VSqx5hSMoiyJmVvHFV6YeV1PlzIOLEfZWclWi5rKyhR04of8qMfKpypkKLZCKWWSytTlRjZV5O6lyxFRZMV1KVSZQSXVySNhFV8ciWuKbEOSLJPtk4+iLFUjTmEkrJ8V2OglNTU01TOMMEZHIXQRa7upKKhnrKkIYI3lMnZrM119JfDD4ZU/hvSY6/VqYZtSnbJmNsmjbtt6pbDyjT/AINeJquiCrlhaEDa4sXW3uu6+Hnwui0Sc67XwaaYX/DDZ2azr1ipgnnIRInsz9G2s32RxabzMRXt0S+tNKPAcuXFrNZ//JWipo5IiyFiv2dW+EEYs390/CERdZXFUc9XUPBxljLZn6N2ZXqQmljH0turcsQyRO0nR3UEVMMFSIR/y3f12WNxaTKhqdJj1CmeKSETd+l1xer+GZ9LlcRpnlhdsnvva/ZemiIx/wAv7XRELScsoZh0fJrpdG+HLp4pw5IJHkiDKHuNvL7WQ1dDHWwNUUNgmZ7sw9dl6PrfhBpZSqdPHE3a/Dbo/tZcRLRT6RVuUgYdjF2drLLLB34ck0x4KvzU9cOMjWsTv3daRUw43EmUlXp8GpRPytmzXuyzoK6o0acYa0OLT2vlbdlz5YurHLbQxbh8w79Fb4T4tiPZQwFBWxcakPJn3t/0VsSLHmHHt7qEZII4Mi5uV0fAxJiurccY4s49bbqUohxblcndEZ26UY7FfLorHCjxyFuyMoGLzDj9kWLiNh6K+2k21V+UjEWIW6vujGARyazWU4+WycR6quxbqLhDi2IspI4nxvZTDG/spYoXksAj12upmtlck2k6e9bVgBNyM93v3Zl4v44rpqvxfXQSGXy9PI4gN9vuvorSIIqaNtnz3/s6+bPFBCXi3VXL/wCM61jm5MvGbwxGAN+7vb0TESAi5WxSxfHJa4vNyyIiZDxG+lMQocWV6Tvf0JeZSCSHFD5SdUBEXVAlkhKyAISxHFDkl5rohFCSEkMvZEXKoZZHRE1Xn/lOqGTK/IXK+SoyfzWb1WuKVmkLmH3WjHZZdNG4ytk/daYi+WKMgkkk5W5VRqy5hV2TlFmLtuqMvMX2WY2kiLGys/UqsFyJWxF9kzlTR9lMPNdRxiph7qdtBYox8rKNFi6ytKm3RpYpJJAQ5KIhxUxWUUhLSYgEnoq/1KcvKqsiehZ4b1JJJJFS5zZSwQSVJNDABHI77MLXd113hv4aatrsjHJGUMOVnItu69t8HfDzRdC4RxUw1FSP++Le7+i7NtGX8E/hqOmxlrXiCJuM4twoj3e/Z17TFEIxiRBk73uoYIPwhOcWDF72GzbfZTY8SMcScWZ3f9FKtDngjKJuHYXvvsoCgeMb+ZvZSDl6o9yFOL+KnywluTOlJAOL8uytiP0klJGxDZVcTjLlpOIJMI9v2VERbgCEhMMjF09VvcPG6zdQomnxlEcHBtnba6y6ntPALcNlJk+4qtSSPiIE2/RXcOyOo2eG4lyqvqGkUWrxPHVwiRu1su/6q2PKiy/dP/PZzOx5rr/g6v0ic6zTReaHHF2bsueCSHUoCCSL8QWxIS7OvcIy5SGRmNia2+65fXfBdFXEdTQhwam12YdmJ/dcvJx118fLXj8tDU0Mjzaa7hvzR9mt6K1ReImInj1AHiNvq7OuirtGqKYW+ZB4nfa/qsOr08JCICB/VnZclws+vQxzljWgkaTE4jYm9nV4Z8RvZcV/D56acToqggs3R32/ZbNDqlRw+FWj0+r/AKrOzR6bnFyUZVLb7KOIhlHISUnCbfJNmEpXH6ckUZSETcj7q8MAcIeVuisRRCRDkPfsgKkcZ/UK1tPj5Y39HUw0weisQx8MU56jJYKThDcWcrPd/t3XjvxY8DxwQf6SaIBHEUjvUiLeR37r10r4uPqqVEMU8s+mV1jo60SAst2ErbPZbYuTl+PmKKPiCLiXV1LJ+HcfRaPinRpPC3i2p0q34cZO4O7dlnSFlv6ut44MoiIkAoiJLZUkKD1RoEGHJkitkmx5kiF8kFRp0yQihJ1HLH+E/wBlN5RZRSEiFVOXliVEr8ViV6cchVIlrilYiHlZ1px+VvssymJysIrRy6NfojJNopebm9lnyXEsfVaBWJZ05fjv91ETtZpB5/6q8NiJUaQmIloxjiWKdVMhxipMcU8Y9EZCsa1gEeSbHokXmZQf9EhJOKLJPH6qxCSjIVL5iQEuhKuXdVytup5SdV/VIrDJ0ybZRUevp8dP4kHBiDAHJnZh6XZdNSUMVJBchykZ2s36dVJTQR0MDhIGRu9/sjyyiuRZO5f0XU6eukuWX0qWLlFmFCMaljj6KpC2KOLqjKNhTiKMhVSFahIUCm4aYo1aJUWKiKJpBsrGLohjcuynS9sapppY7nFcbPdWaYnx/E6+60CifF2JUZKZ+LkJbJaG02xJYY/qgHtkpvpQA5dkQk6WPMiEXU2bHaq9bp9JXUzhPExO/T7rhdW8OyUc5HG2Qdu929l6EUbj5UigaSNylBia3R/f0WGfG6OLnuPjx/8Ahb5E5WK73tbohjomi2IWJnfv2XoWs+HwiHj0QZM98msuTq6J4/xIL7+cXvs/sy4eTHTv4+btPVSCIB2xYVb4Q4+VBEOX9ldGLH6uy53R9DFyiwqWImy5v0UEv4YsQqSmLK/qqS14x5WL2Uv0qGAvwmZWRFisniVAXld/RYxc0gkJOJsWQu3Z2dbUo4wEQ+jrAEn4bv6Ot8XJyOD+OdIJato+qjYWqosZX7u7eq81KJhXsHxlgGTwBotZKWQDM7NtazMvHCkx3k5b9Pf7LeODJGUfM6Ei4amIeqhlLomzDxE2SHLJMgDQyEmyQkghCSfLmUZCjEmQQyLogImIUJF0JNITYog/iCfyOqEhZE7q5LJkLqmQrbH1CekLhkytcdsnyJlncTH9EuI5J3HabNtKOraQsRHr0dNLFMV8g29WZDpEYz1LDI+7uzWXoX8Lpx013EW2bfZuqXVHV50MpU0nM2Lt2R/xSTJ93UOsSY6gbD2dZ4yPk3Mn1XI7bS8q0RxZ+l+isVMRRS/iA4t9le8ITQR0I8Sw7d0+uzhITOL5busMor1kZPknFAUg5Y90XmjcvfZZWCUZf5UCQpFf8qIrZIDTkmKy1lPapLdVyVmXyKpJdUZvMnxTCjSJ9mSC5Fzeylij6o8eZ+V1LHG+Trox9a+hxxU0QtjzIwjUuC1kTbowiyfFF5U4q5NMbkAhYUBDkKlIUAqqIiGPFIix8qMlEQ8yhoIScvMhKNiJCpcXUhAUWJcqbF1c4fRCUaNGriPVS4tsjGNLFGiBw0YxujxRDZKw4HEiF4RZiB/VcX4k0n+H1sdQJ/hSkzE3RmXbiWJZf2Wd4gpmrtGlAuV2a7P32XJz4eNeLL157JE0dSYiOTXd2dkQjzXU8UeIkI/p+iIYi/K683Kar2uOyxSn8uH6pqYuGSsSwERXs6GKL8VvuhdaNJfHoro+VlDBFiLCrOPKnizoJuWkNy9HXORSsUZN7rd1L/7JqG9Qfp6rkNGkIsoy6D09eq6MY5OSuk1TwXH478DvpckzxSQveJ+zO7dV4T4p+G+veDCJq6Iqmn6hLHZ2Zm9l9S+FsS0Yfpd3f9lqVun0uoUz09dCM0b9WNrrsmM08/J8RcUCsMZ5PZrt0dvuyUkI49cl7z49+B0FTIVf4UZopN3kiu3p0ZeDz0k+l10mnV0Z09RETtY2drt6soyjNX8uyRRsSkkF8m2f7oSJE+KQ4pEnLzICugi2JFw2+lRqTJKwiKwjioZvKjkuX1KKQkFVciVaS+6mkLmUJc11tgziD1TZOjx6slwn/KtFDpquWkkY41sf6W1b0jxD1fZ3v/0WFw3S4bpApSOWQpD3d3uhVyCLIrWyU40LSF5HS3INmpK2pjiaOOVx27LTjmqJv5j5bdeiGh00eLkXNZu60pLCWIgzNbe3qufL6SKO4kphLlSxbYkljdgSSEUSW6ZeZAQqQVHILq8P/wBOKsg8qrF5lbkHlVUhWqkZXQ86IksmUluPt/HmRxxvllbZHjiToxXYrZAjFLZEKvEqAhTiiJCrZaIkydJM4jkQRx5EpsckJDioaQ0kbbYinGPJMV04k6ldnghHmTpJt1crP4RClinyb6kWLI3BLsKbFOkp+mQoKmNippR7YP8A2Uop8chJvVnb+iy5cdxWN1XnkQ5EeQtsTs37oyF98VYKCaOSQJwcOd7be6GQeH9Pa7rzc+O16fFyyY+qkguI2Ik0cQ8UcfZKWSLJufJ3677p4OEJPi73f1WX+ddH+2NXtxspxLoq/EEtsuisRRHITCIvf3ZVjhWeXJFLVi/2bI2WLlYWdvV+yraRoL02msUo5Sb793XQjozylHJVu2AFljbq7dFZKOKWpIBfFuzNtZdWOOnNnlta8OxFTaQIE2N3d2v7rUEsix7OooIOBAIeazKcRXVjHFkXDYbvHYduy4bx78M9M8bUJHwxp9RYLxzDZrv2Z125ChTsZPjLxR4U1zwbUvSazH+Hd3CVruzt6rFy5bly9Hb3v6L7U8SeF9L8VaNNQarAMvEBxGR23B+zs6+XvHXwq1PwbqHEHKp05mbGRt7W6O7KOpxxJfzC9fRB9SP+ZO4i7E/eyCQcfN2eyzvhkXlQjbzJy8qReRkk2o5CyUclhFHi4qKTmFIlcu6jxUhW3Ua1x8RSx6KzHGI/zEMQ5CxKxixCncjIeH+Vv2VSQW4pD7q8Q4iqhWIsvVLsaxBGwkzD91pRRsRZKpRR9XL7K9HllyuyyyuwsxCw/qiJDH2yRlZZWgwj0SRIdktq0H6HRiPK32QCPVIbkSSakUcl0SRInipVeQcVXkFW5OZV5BWuN2WVV9vRLFvRJFk6pn6+4iHmdFi6UnmdOJLrbmEUeKEZGysSIi/KnD0WLpYovpTKtiYo9xTjZFkyWSqXxISSJEhJQqeIyJOCYkYoM+SWKbdPknE6FikhyRJUaCki9UJIMUZKYbKtH3Uw+VOn8CUMMl842e/dQyaXSyi7HG1n69FZyZOs+mN+n2rHLwzpxFlwnS/0doB8oLZ22TEWPlZkv88Vd6z4tJpIBdhi/dlYGOOPygw9uimyb0UU/l/VHSH3tRT48P3uzIKKi4chnIG5PdvdMRMWP3stAR5W+ym4yDLIYxtihUVTWw0UDyzmwi3XdlyeqeJKqrppBoRaJmJ8ZHdru3qzLPLmxwc2WTsMh+p2S5R+zd15zxK2WzlVHxLMXdrpS6hX8RzKoM2EdhZ+rrmy/ZEbeibF5Sb7qKroabUKSSmrYRmiIXYmJuy4qHVp5aEjjcgkGzuzu91NTeJq+IW4tjB+nqjH9XY5k8l+JvwaPRJJtb8MC7078xxM3lb7LxuOR5BIJBcXYt7+q+0YvFFJU/g1NM4xGzsbk12Xzz8Zfh3D4brf4/ozkdDVSOTiDbA79VvMpkrtHm5IC5v0SHI42MWyZ+7OyIbJCopC5VF5hdTSDko/KLo2FWQeqBTSFyqPZXE1NF5WVmPyqtT+VlZj7spyTsRF+Hj91U22Vsh5VULlRDjRpP5H6urcYqGksVM2IqYeUmUZKWB7KRRB5mRrOgSSERfJHipUZMIosUkyMhRJICIlVmVuQVWnjxv9V08fpqvqlko5OJ+XFD+J7rVOn3bjzdf3SIXH0/REQ8zpL0NaawGKMUkktNCR48qBGPlSRaDFLFOi2VIAIpEL4oysmydSaLH8ycRZEQoSuKDEhSHsjHyqiAiGyRJxupBiFCXdSkgIUBFH5nR5OmxTiqUNEJJDZDlzKdEIkBJ0xJ6Ad0EsjbASPJ1UIXKp/VI12CmaPnHmv0us3Xddj00eDG+UxNZrfS79Fq8TGmL2Zee1YlV10s0h4u57P9ui5P0cnSMuTLxRnnra7jPXTOe/TezfZkoqvhxMGGb3Zm+ysVpDFJHNHY43bGR+11R4scpDNByhe1l8/wAvNcstuXsv/O8IhcuhcrXboqfzJx1ZRFzH29LOoKuJto5CKxOxA7Psp9Sl4FTCWDE0oM9263Zui5Lyejs1NPHKpZp2ycxcduzumljGMnhtt1uo4pRHhyRczDbJu6k1SfGtfhA28bFZPHlv/o7HERGASJ2sL4793RDJTVdIVDXQNU002zwlZ7M/WypDO0dNG04tmTvZmfrt1UP4lTVhwuRoWYjLs2/Relxc1T/o838V/BeSKpqJ/C1SIx53alle7tfszrzbVNEr9EneHVKWWF/Vhu36r6Lk1B6nUJqiM8Abdve3oq9TWjqGA6lShVxdLSCzbP79V2T9Ev1c5HzXkxeUmJumyilHlyXvfiT4K6ZrM8dV4fq/4eZx3KArO17dl5F4o8Gap4W1BqXUgcmLcJW6P+q2x5Mb/Wkyc3ILflcVXJW5IijlZi5fVVyjx+pbQ9p4I+VlOI8yji/lsphJBa2KX+WqRf8AVXSLIVUk8yUPTUpPL7WVgfMyr038phHvZ1MJczZKMps5VgfKiHIiflfZkMBZSiy1YBERfJlnVKEY8ylGJyL9FeEQ/KylHhF+VI2WURD3y+yQwP8A+mWv+H6MgkKKO3RAZ40TF5ie6L5Fve6uR1LfUDJFKA8wl7INU/hreqgk038RnItujW6rRKcfzKvJOwll/wBUehWLT4CHEncX90P8Nh/OjnrR5nKyh+bj/Oq3SfZnEcidSjzJFGOToC/yr07dribFFjkohLopRLJNcCIoSuj3RFbdSVQ5OnTEnjJivzNdkJL9UafFLFvqQA4oC7qYhYfKyiJUEZFzMjGR8UGOSdBj8yQ8qkFR5IBbkixQ5KUfKloIiQKchUeOKqFsW2KErJseb7p+H+ZTT2QjkKaTlFlLiwiq84uQtiPRM1epkxFhEt/ZS00eUeZXvdQQQDIRHILjj691PXVsGl0LzSkwg27N6qM8pj9TctLIx8riTbOuA1amKk1KoDEhja5Dfv8AZVKn4mahBU3GnhOneR2Yb7syLUPEEviSjpzhiamd2d5CN7Mzez9V436ufHLyOfk5Mb4owTx1vGpZT2e5Bj9Lt2dUNPqY/mSjLoLuJeihgrii1KAIsLubiT+t0WoUw6fqhhA+bk+Vn33fsvAttrDcX6mWGmjeKW5xi7Ozu+4s79nVvUChn0+nnphYwFsf+1nWHVxzVdME0buLhtIPa3urGl1PylWFPWiw0U9rO17C/Z3WeU/qOyWmlnGujamdyyds2foLd3dKr1eWp105JAGGFnYRZ33NmWvBTFpGn6jUytHzs/CJurs7dbrm46QauQH3NyFnbs7LHtZRa0pZXqZHmjsJs7iA+jIa2tj03TfliuU0r5SOO7/Z1NNwqKMIaSxVLC3FkLoCz4ZY/mWGIClMmdzJ93d/Zaf9nqkFTLCWnwcMHikcnvfZSSSUlFFFU6sZC3UBfbJ+2yjrSYRyijL5jK75s+3usWfOed3qy4uLPyluzP7In7Nl8XqnxjUfxaIogxwZiG/dr7Muh8baXB4k8NwVNXB5omf/AIXt1XB1eoDHwpIKYeIL2u7X/ou10jW6rVPC9THW4nKA5CLN0b2XVx89tnq8Mnz1qlAdDVlTSj5b437ssaeJuLcf6LsvH4/7SjkKwOUbvj36rkRHyOJfVv7r6Phu8dumVCJY8qmFAMbkTv5rk7MzdkhLmcfR1ttUFKWIuqmWRKzL391TjJynZvdOTxe2pFI42f2ZlNGWRKAR/ZSDcZfspR/V2IsSZaA1LCNt9lmxFkrQ2+pY1ayNS/0/1RDK5X6Krk2VhHFLLq6WiqwUhFy5OmKXEfMoCkf1TcRsma27oTB8QvzOllLjzEmT7p6aBInx8yrlJKWxdFPuoZOychqs+WJZO9lXy+6tS810GDK9JfcpeZ0Ai+SciyJ/0RDZd7SBUsZMhKyQjyoVpKmIU8fl5kRIUrzC2PuoouUnUskZfmZRCOJOhC2JICuRIBJ0fogEUj/VZLJCSbLlQmhy5kWOSBOKKEpcqBHi6bF0KMiEkCONUBJ8UWyFLsQCFCKlJR7JbB8uVREWP1I8kEhNGJSSOzAPVyeyLloW6hpZI6aA5SdrM17/APdeZeJtdLVKt/xnGAXcRjfoT/Zani/xS4xz0dCDlIwN03vdcVo1XFU1clJVg3GIORy2Yib0Xhft/T/JXHyZoqmWjjlY5RcXbd2ZtrrMq9Slq5xGS8UItYMLtt9lozxDOMsc5NEYXYnfazrmqvXaemoWhFhlkB7ZLycbc/XPbtqfNhTSg4yeV2LJWvFGrHTVdNVRE5RzgzZN1Z/Zc/TShqgkcr4RszMQs/VVq6uKemCkGXOOJ3YW7szI/wA/fVT46KDX/ka3jTzZUszMMglvZ3bqtLUNboKakBqY2qI5bCEbbuPuy81kjc433Im6P1dXKEnHhyx3EwtiTX/qjLjx0cxeoVerVOpaXS6VpsfFfzSkW+PsrtBp54uBSYSbdGta3ZcNpuv1EBFwzYHd2LbbJdpQ6tHJTR1GD3Z7Hfque8cPS2Xh+OUXaaQrF138yli0aCmgwpDID/MtSCWOchbDZ2u3skVxLGzCywz4ZVzBzxUmoxiYy4Ss17Pe72WbPHxLjJF06uzWddnyY5FYr+iIoKSWIh4LXJt3sy48uLrSvHt5rPpMXMcnLHfKzvvZSlr8GkaadPRO5cdrH0bFn7XWtrfheqGufhO/BJmdns+zLMrfBwFwuHUNZ7cRnddHFl1+suvV5TrsNTrPiEIRkY3J2CN+zX9Vvx/CHVIeD8zMHCJ2ycX33ZekUPhTRdPHjwUzVFSLXbK1mf2U1aNRJQsIiYuJOTDfv7OvVy/5LrhrFcysZujeENC0SiejkowrZDG7yGzXF/ZeX6h4FrKvW6j5Km4UXEezWe1rr1COd6S01TcXd9mfqgl1J5Rkku45E1m9lhj/AMlySjvXncvwo1OWkzgqIs2/3bvvf0uuL1fw3qPh/UODXQkD2Z2dt2/de7ccuAJC7i5IqumptdpPk64APNsWOzO4+m67/wA3/JXK6yVOR4OWI24fpuiGRhJlLq9EWk63U0ZczQm4j9r7bqvILcV/0Xty7m42xu1yORhVoZMlmjyqeOdhupsaL3+ZCJMq/wAy3lTfM/VsP3SC2JRkTsV0i4Q+UnuqPz3Uv6pvnnL6Xt9kaoXRL/MiGVsfMqI1w5MJN2S+bH6U9GtySDk3Dfs6iktjzKjJLKUuQu2zKqVTKRcxKtBoEXXFBxP8zKjxHK/un39B/qgtvvTHEnT7eiYvM6WK7lz6SfLFMknGp83SKRB6ohTGyKT2yURF1RqOcsRZSgccjKRVIv8AurCIBpkGSdVoiRYoUSkk2SRDyoMsUeWQoVpFipBFDujFUZIkkIrPREXlQDHl/lRqGWRoxfIsbtsmRxsMjZbiy57XdZgj02aSZ2+XAn9nd2V+tKSm0iUo+aU2tHf+68w8V63p8U8WnVNS27YyFd7C9u7Lg/Vy9ZqMuTJzepao2oFNPSHLm7uw4PazN0ZYI6vJHqUJyZZgTY49evdWZaI48ApGaYyd8JI3szs79bJtXij8N6MRE7VGrVDWxtdohfuvAxx/0y1Xn5X1e8UeINJl4kUFS4mUbcRha/N33XHDANTGxRls3tu65WWQiK5E5G5O5X9VcpJaoh5TcY/uuz/rzGHPXS0khRCYb4W79GVWOTIpeZt2ezqnFHUy3xciburIUM2Nx7dn2WOUkbYzxYgkcabMjvzWdn6rTGNvlIHHlYidndlmx6bUyxvyva/a6v02l6jw2hvkHUWdt2WWWtK61eoaQRrQCfnezuz9FqDW1dILiJOcTGzuLbPZYEsGqRkLkDi7Ps9lY+c1OMnKSFy7ls7LC47Pq7TSfEEkeqR/iNw7Xxd3d2suri1KHUBd4zHbt0XkEniJoMT+Sxk9Xbq33W7B4moK2ih+Udqc3dmNrve6n/PK/Dnj0oYnGV2Kwt29VagpsixIvdc5TapLSQRtU85kTMxdbM/qujpqxhESlZhd+7P0WF4rv1pjYvSxiUGJDt0+yw6ukhoYJaohc7bM3otOORpCcRJrPupCiGWAgk5gLZ1lnx6iMpK5OklEoCqMPMT7ejKhV+IJpasKCiibNya7uzPZrrX1emehpJSiFyBn7N07brH0aempNQeplxMyHcvy2XNhj7qubJdrtE48YvUytxmF7YszNusCr094sYoKdyMd3J+i7uirqHVhkGkEZQEmYn33dWJ4KePml4Y8vZmd1348MsRp5VLJNATFPcQZ+6t0Ukct3EvezNb+q3tZpKGUnIQc97jttdZEtMQizwBgAt0ZrOpnH0peyvNfiVpHyWrDW/7udm6dn91xkf5vVe1eIqQdU0SWnniY2YHNpH6s7N2deKkOMpB+V7L6b8nJ3w9dPHfBZOKApC9Mf1Uw29ksWy6Ltsayq4lL6Zfd1KWW2XRTR2y6MpxHLzdFGmjPjGXdhHZlLHnJdrdFex64s26HAh8rN/ZL4FYaYikbp09U/CPorUd8keORI7GoyQERdcUI0bfly91oFHkosUbTYpjAP0ij+W9/6K3w29P2T8NvdHZHr7hK2TofVVfmZfzN+zJvmpvzN/ysu/beeLSX0qr8zL+Zv2ZFx5PVv2ZG19lgRTqn8xL+Zv2ZF8zL+Zv2ZGy2s4qKpFyifHsyHjyfmb9mUZ1Ejxlcm/ZkbLYaQnIXy9VaJZFJUStU4sW3pZld+Yl/M3/KyNhaTjzKtxj9W/5WS+Yk/M37Mq7HtbJCqnzUv5m/5W/7I+PJ6t+zKdpW1IPlVKOol/N/Rkvm5vzN/wArf9kbPa8mEVS+bm/M3/K3/ZP83N+dv+VkbG1/zJYql81N+f8Aoyb5mb839GS2NrhcoqtgRStxCYgZQyVc3D87f8rKtPVzDSyMJ2uO9hZGwzvE2qRxabNUEbCFNGRD/mdujLw7SeB4m8TVNZrJsMrs7xw9ia/Vd34/rJ4vBxMEjtu7Xs1+vqvFKStqIK6CeGUgkybmbqvJ/Rx3K725uSWvQNfraPTaYCpLjUM7s7MNmZm7XXDavqBVMBTSDjKexZO7vb2Xb6qzVenkdQIyEwXZ3Ztl5prUhthv16rnw/N1u9ub/OsqOPiy/d9luxCPDEBDGzbOsej560WLdvRdNRiLizOzOzey35eO3+qnGs6fGxEHEBrbX+y2J444xzjJsG7N1WdTk4Xxs23orFEZY22tv2ZcWf5eT/2OjHDToNJ4UgiBWFyta7/3XSx6bGJMe23RmXGUshDJs7Nzei6eGqmaMWY9v+Fly38fJf8A6jXS1UlTRRO9SzCzWdrs3VWNL8P/AMZljq82hponykuzOx27LmfFMpyUJMRdfTZdtoJlFp9DHHZgYGe1mdOfj5J/Yej6v4ZodQFxjogEGGwu1md2+y8n1/wLW6fUlNp4Hw75MzdrL2Wuqpmrxsdv/wCrI6wuLHaQRJvcWXRx8HJP7EXHby/wt4vjk/2d4kuEl8RkJrWt2dekFNTTxBJTTjLCI7kLs/ZcJ43oKSTT5ZCpwzFrsTNZ2f8ARc98NdRq31YqR5yeB/8Adv0Wt/Nv+s+r1qKTmCUbiDuzLe4ZRiL7WJrsudr5TGWMBdmFujMLK/Q1cxwuxnkw9Li2y57+TK/2Dqtz00csRMXNkzs/6rynxJBLo2qSx4uUcjP5um/ovW5JSDy2b7Cy85+IhkQC72uxejLP/oX/ANjPLG1a8EynFRO0Z4RP39d+i6mSOGUcsn39OrrivDMphp8Qi7MzPtsy7CA3IRvZ/wBGWmP5c5/YnpVaemgHm4ZWbrtdZ8skcouGHBj6MT9X+7roDlKPJwxbl/KzrB1EnlppGkZnZ+uzIy/Jlf7B0rntUpjkoakILYcMsbPe+y8InikgrpQk6sb9fuvc62U4jhGMsWytZeO+MwGLxJNw2YWcruzL0Px8Vwmtrxw0zhFhU0YsXmVcVNGZeq7+rbqlEWEm9FN9LY+qgEnVi77I6q6nH/MjKxKLiF6/0Q8Qt91NxGkopZMnugyf1U9KPTETpD5kUYs/XdNd0dKrRiJFkozSu6roXV//2Q==\" alt=\"\" width=\"331\" height=\"309\" /></p>', '2020-02-24 17:23:53', 5, 'food', 1, 'admin'),
(81, 'rawraw', 'rawraw', '<p>awrawr</p>', '<p>arwarwraw</p>', '2020-02-24 23:19:41', 0, '', 1, 'admin'),
(84, 'Drafti', 'drafti', '<p>Hello</p>', '<p>It\'s me. Tadaa!</p>', '2020-02-25 13:54:14', 2.5, 'pilkku,arvostelu', 1, 'admin'),
(85, 'Junior', '2020-02-25-17-00-17-junior', '<p>Junior</p>', '<p>cyberjunior 2077</p>', '2020-02-25 17:00:17', 5, 'junior', 1, 'admin'),
(139, '4564654', '20200226-4564654', '<p>561561</p>', '<p>1561561</p>', '2020-02-26 00:11:12', 0, '', 1, 'admin'),
(140, 'Testipostaus', '20200226-testipostaus', '<p>tw</p>', '<p>wt</p>', '2020-02-26 00:24:57', 0, '', 0, 'admin');

--
-- Indexes for dumped tables
--

--
-- Indexes for table `cats`
--
ALTER TABLE `cats`
  ADD PRIMARY KEY (`catID`);

--
-- Indexes for table `cat_cats`
--
ALTER TABLE `cat_cats`
  ADD PRIMARY KEY (`id`);

--
-- Indexes for table `members`
--
ALTER TABLE `members`
  ADD PRIMARY KEY (`memberID`);

--
-- Indexes for table `posts`
--
ALTER TABLE `posts`
  ADD PRIMARY KEY (`postID`);

--
-- AUTO_INCREMENT for dumped tables
--

--
-- AUTO_INCREMENT for table `cats`
--
ALTER TABLE `cats`
  MODIFY `catID` int(11) UNSIGNED NOT NULL AUTO_INCREMENT, AUTO_INCREMENT=9;

--
-- AUTO_INCREMENT for table `cat_cats`
--
ALTER TABLE `cat_cats`
  MODIFY `id` int(11) UNSIGNED NOT NULL AUTO_INCREMENT, AUTO_INCREMENT=98;

--
-- AUTO_INCREMENT for table `members`
--
ALTER TABLE `members`
  MODIFY `memberID` int(11) UNSIGNED NOT NULL AUTO_INCREMENT, AUTO_INCREMENT=2;

--
-- AUTO_INCREMENT for table `posts`
--
ALTER TABLE `posts`
  MODIFY `postID` int(11) UNSIGNED NOT NULL AUTO_INCREMENT, AUTO_INCREMENT=141;
COMMIT;

/*!40101 SET CHARACTER_SET_CLIENT=@OLD_CHARACTER_SET_CLIENT */;
/*!40101 SET CHARACTER_SET_RESULTS=@OLD_CHARACTER_SET_RESULTS */;
/*!40101 SET COLLATION_CONNECTION=@OLD_COLLATION_CONNECTION */;
